-- phpMyAdmin SQL Dump
-- version 4.9.7
-- https://www.phpmyadmin.net/
--
-- Host: localhost:3306
-- Generation Time: May 24, 2022 at 08:45 PM
-- Server version: 5.6.51-cll-lve
-- PHP Version: 7.3.32

SET SQL_MODE = "NO_AUTO_VALUE_ON_ZERO";
SET AUTOCOMMIT = 0;
START TRANSACTION;
SET time_zone = "+00:00";


/*!40101 SET @OLD_CHARACTER_SET_CLIENT=@@CHARACTER_SET_CLIENT */;
/*!40101 SET @OLD_CHARACTER_SET_RESULTS=@@CHARACTER_SET_RESULTS */;
/*!40101 SET @OLD_COLLATION_CONNECTION=@@COLLATION_CONNECTION */;
/*!40101 SET NAMES utf8mb4 */;

--
-- Database: `captain-k`
--

-- --------------------------------------------------------

--
-- Table structure for table `track_20224_animals`
--

CREATE TABLE `track_20224_animals` (
  `id` int(13) NOT NULL,
  `user_id` int(13) NOT NULL,
  `name` varchar(64) NOT NULL,
  `type` varchar(64) NOT NULL,
  `breed` varchar(64) NOT NULL,
  `description` text NOT NULL,
  `img` varchar(256) NOT NULL,
  `date_create` datetime NOT NULL
) ENGINE=MyISAM DEFAULT CHARSET=latin1;

--
-- Dumping data for table `track_20224_animals`
--

INSERT INTO `track_20224_animals` (`id`, `user_id`, `name`, `type`, `breed`, `description`, `img`, `date_create`) VALUES
(1, 5, 'Lunchpad', 'chicken', 'barnevelder', 'Velit Lorem cupidatat magna adipisicing minim sint veniam dolore fugiat duis laboris. Cupidatat eiusmod ipsum qui velit mollit duis veniam. Magna deserunt ex in do aute.', 'https://via.placeholder.com/400/968/fff/?text=Lunchpad', '2022-04-07 04:44:30'),
(2, 10, 'Nexgene', 'rabbit', 'lionhead', 'Labore cupidatat dolor ut aliqua sint non sit sunt mollit. Ex cupidatat laboris occaecat mollit magna occaecat ut. Enim tempor nulla pariatur Lorem veniam laborum ad minim in.', 'https://via.placeholder.com/400/790/fff/?text=Nexgene', '2022-02-12 10:24:11'),
(3, 3, 'Shadease', 'hedgehog', 'amur', 'Minim nostrud dolor ad Lorem eiusmod incididunt sunt do cillum magna. Ipsum veniam ad esse labore. Cillum qui aliqua adipisicing nostrud ex proident cupidatat velit.', 'uploads/1652689027.2055_alisa.png', '2022-01-19 07:57:26'),
(4, 9, 'Bytrex', 'rabbit', 'lionhead', 'Nisi et sunt anim velit sunt excepteur sint nostrud voluptate. Dolore ex nostrud cillum enim cillum sunt culpa ipsum reprehenderit qui culpa est commodo minim. Aliqua pariatur do anim et non esse officia fugiat amet enim.', 'https://via.placeholder.com/400/833/fff/?text=Bytrex', '2022-03-22 12:22:47'),
(5, 4, 'Spherix', 'raccoon', 'cancrivorus', 'In consequat proident culpa occaecat pariatur est. Est amet consequat cillum exercitation reprehenderit tempor nisi duis eu irure elit exercitation cillum. Voluptate commodo laborum sunt occaecat veniam.', 'https://via.placeholder.com/400/897/fff/?text=Spherix', '2022-03-26 03:53:33'),
(6, 7, 'Isosure', 'raccoon', 'pygmaeus', 'Id cupidatat Lorem consectetur eiusmod nostrud. Proident ullamco id eiusmod in deserunt eiusmod occaecat nostrud officia nisi mollit fugiat fugiat. Mollit voluptate quis eu dolore exercitation aliqua cillum commodo esse adipisicing labore.', 'https://via.placeholder.com/400/748/fff/?text=Isosure', '2022-03-21 06:35:56'),
(7, 5, 'Mangelica', 'hedgehog', 'amur', 'Nisi culpa excepteur cillum esse exercitation id aute sint sit est est laborum do aute. Culpa non pariatur laboris esse incididunt sint duis mollit consequat enim exercitation ad. Qui non fugiat laborum do nisi amet sit enim proident laboris.', 'https://via.placeholder.com/400/863/fff/?text=Mangelica', '2022-03-16 01:33:28'),
(8, 6, 'Oronoko', 'rabbit', 'holland lop', 'Occaecat exercitation elit proident elit nisi amet. Non veniam mollit deserunt consequat laborum et. Enim sit eiusmod proident nisi culpa culpa consequat est veniam aute.', 'https://via.placeholder.com/400/988/fff/?text=Oronoko', '2022-02-14 04:18:41'),
(9, 8, 'Ontality', 'chicken', 'leghorn', 'Aute nisi esse amet consectetur nostrud aliqua do mollit elit aliquip commodo. Irure anim cupidatat enim sit cillum cillum deserunt consequat eiusmod tempor. Ullamco Lorem aliqua ullamco veniam sunt id sunt.', 'https://via.placeholder.com/400/761/fff/?text=Ontality', '2022-02-25 04:11:42'),
(10, 3, 'Luxuria', 'rabbit', 'lionhead', 'Occaecat magna aliqua consectetur fugiat ut pariatur. Do labore magna sunt in in officia ad ad commodo culpa aute excepteur sunt. Sit anim enim excepteur magna ad sint.', 'uploads/1653434023.0412_mike-1.png', '2022-03-03 12:40:08'),
(11, 3, 'Corporana', 'raccoon', 'lotor', 'In esse occaecat et labore. Ea elit reprehenderit aliquip aute nisi ipsum quis velit exercitation. Ex minim commodo non cupidatat velit adipisicing do eu laboris ea ea.', 'uploads/1653434130.5342_miumiu.png', '2022-03-13 05:34:41'),
(12, 5, 'Automon', 'chicken', 'ancona', 'Nostrud id sint duis elit dolore nostrud est eu adipisicing tempor id laborum. Culpa qui voluptate minim id deserunt sit minim amet. Excepteur culpa mollit Lorem magna esse cupidatat ut duis.', 'https://via.placeholder.com/400/746/fff/?text=Automon', '2022-02-08 03:11:57'),
(13, 1, 'Pyramis', 'rabbit', 'mini lop', 'Eiusmod commodo consequat consequat est ad ad pariatur velit. Ipsum aliqua fugiat anim nostrud duis mollit ullamco amet incididunt velit Lorem. Quis nisi excepteur exercitation in.', 'https://via.placeholder.com/400/723/fff/?text=Pyramis', '2022-02-18 08:41:56'),
(14, 8, 'Inear', 'raccoon', 'lotor', 'Dolore laborum laboris eu mollit id Lorem. Enim incididunt esse sit aliquip amet fugiat elit. Esse eu non cupidatat voluptate mollit Lorem et dolor reprehenderit.', 'https://via.placeholder.com/400/798/fff/?text=Inear', '2022-01-06 08:21:31'),
(15, 4, 'Dentrex', 'raccoon', 'lotorsdsgfds', 'Ullamco elit eiusmod eiusmod tempor eiusmod exercitation amet. Amet velit sunt Lorem Lorem esse officia laborum aliqua nulla exercitation excepteur. Quis minim nisi veniam fugiat dolor id qui non ipsum Lorem incididunt aliquip.', 'https://via.placeholder.com/400/742/fff/?text=Dentrex', '2022-02-08 12:38:14'),
(16, 2, 'Futurity', 'hedgehog', 'amur', 'Voluptate Lorem sit elit nulla exercitation pariatur irure id cillum cupidatat veniam excepteur. Adipisicing ad occaecat non eu duis eiusmod nulla incididunt ea. Nulla ea velit elit labore id consectetur Lorem consequat magna amet ad tempor.', 'https://via.placeholder.com/400/917/fff/?text=Futurity', '2022-01-13 01:43:38'),
(17, 10, 'Enersave', 'raccoon', 'lotor', 'Ad et dolor exercitation mollit nisi mollit dolore in occaecat anim exercitation amet velit consequat. Cillum exercitation id occaecat reprehenderit velit velit et ullamco pariatur non. Dolore ad culpa do dolore.', 'https://via.placeholder.com/400/922/fff/?text=Enersave', '2022-01-17 08:47:36'),
(18, 4, 'Fuelton', 'hedgehog', 'somali', 'Mollit incididunt tempor non sit aliquip ea consectetur ea elit ea irure nulla tempor veniam. In incididunt id magna consequat enim enim tempor commodo consectetur adipisicing amet fugiat ut laborum. Ullamco nisi deserunt labore do reprehenderit commodo ad sit voluptate adipisicing.', 'https://via.placeholder.com/400/845/fff/?text=Fuelton', '2022-02-13 01:59:46'),
(19, 6, 'Kinetica', 'rabbit', 'mini lop', 'Commodo labore est duis elit ad proident consectetur elit eiusmod ipsum eiusmod. Non occaecat officia velit cillum non aute. Deserunt sunt eu duis anim labore do eu dolor.', 'https://via.placeholder.com/400/730/fff/?text=Kinetica', '2022-01-05 03:56:16'),
(20, 10, 'Assistix', 'raccoon', 'pygmaeus', 'In duis proident id dolor in. Fugiat deserunt aliquip pariatur mollit eu nulla amet aute. Culpa consequat nulla velit occaecat.', 'https://via.placeholder.com/400/841/fff/?text=Assistix', '2022-03-08 02:24:37'),
(21, 7, 'Permadyne', 'rabbit', 'lionhead', 'Anim eu labore aliquip veniam non sit consequat labore aliquip Lorem nisi nulla amet nisi. Velit mollit tempor nulla deserunt. Proident veniam aliqua ex ea ex est nostrud eiusmod sunt ex est nisi proident eiusmod.', 'https://via.placeholder.com/400/953/fff/?text=Permadyne', '2022-01-03 01:23:08'),
(22, 6, 'Izzby', 'chicken', 'barnevelder', 'Cupidatat anim dolor excepteur velit occaecat laborum minim ea eiusmod dolor consectetur sunt pariatur excepteur. Anim cillum deserunt sit pariatur sunt dolore dolor fugiat deserunt occaecat ex ipsum deserunt. Dolor laboris aliquip aliqua sint elit est labore velit fugiat ea adipisicing aliquip sint.', 'https://via.placeholder.com/400/856/fff/?text=Izzby', '2022-01-19 01:03:51'),
(23, 2, 'Comstruct', 'chicken', 'leghorn', 'Ex quis in ut cupidatat aliqua aliquip culpa dolor aute qui nostrud mollit proident sit. Ipsum qui tempor velit incididunt esse ea laborum minim eu nisi. Ex nulla eiusmod Lorem amet excepteur cupidatat occaecat eiusmod nulla do ea cupidatat.', 'https://via.placeholder.com/400/781/fff/?text=Comstruct', '2022-03-21 03:05:30'),
(24, 1, 'Biolive', 'raccoon', 'cancrivorus', 'Eiusmod duis irure pariatur culpa tempor aliqua qui minim occaecat magna sit irure. Cillum ea voluptate esse magna commodo aute Lorem minim ad cupidatat incididunt sit nostrud ad. Non velit eiusmod tempor quis ad ea duis.', 'https://via.placeholder.com/400/812/fff/?text=Biolive', '2022-01-09 09:42:42'),
(25, 3, 'Eplode', 'hedgehog', 'hugh’s', 'Veniam aute est incididunt Lorem. Aute in est minim deserunt excepteur. Incididunt sit sit minim aliquip id cillum duis.', 'uploads/1653439639.6156_animaloutside3@0.75x.png', '2022-03-10 02:59:56'),
(26, 7, 'Farmex', 'chicken', 'ancona', 'Occaecat ea aliquip anim ullamco do deserunt. Aliqua non dolor sint Lorem magna nisi deserunt elit eiusmod occaecat sunt laborum. Amet officia qui dolore voluptate quis ad dolor esse ea pariatur nostrud.', 'https://via.placeholder.com/400/994/fff/?text=Farmex', '2022-04-01 05:56:00'),
(27, 5, 'Opticall', 'chicken', 'barnevelder', 'Commodo est aute magna aliqua excepteur dolore deserunt consectetur mollit amet sint. Enim quis ut nulla reprehenderit ex laborum adipisicing magna id officia minim id voluptate mollit. Cillum duis exercitation amet eiusmod laborum proident laboris sit commodo.', 'https://via.placeholder.com/400/752/fff/?text=Opticall', '2022-01-20 03:09:32'),
(28, 2, 'Boilcat', 'raccoon', 'cancrivorus', 'Duis dolore ea magna magna id eu qui. Nisi incididunt enim sunt eu. Elit officia deserunt occaecat nisi sint ullamco consequat reprehenderit ut quis cupidatat incididunt.', 'https://via.placeholder.com/400/852/fff/?text=Boilcat', '2022-03-12 03:59:51'),
(29, 10, 'Comverges', 'chicken', 'leghorn', 'Non et est irure magna dolore. Ut adipisicing sint minim magna eu Lorem fugiat qui culpa. Ex exercitation laboris voluptate in sint culpa.', 'https://via.placeholder.com/400/760/fff/?text=Comverges', '2022-03-16 06:02:15'),
(30, 2, 'Poochies', 'raccoon', 'cancrivorus', 'Et incididunt nisi dolor ea pariatur ea irure aliquip veniam incididunt ullamco consectetur sint. Et sint sit minim ipsum Lorem minim non irure exercitation cupidatat ex enim ullamco adipisicing. Nisi amet cillum labore qui sint labore proident commodo.', 'https://via.placeholder.com/400/939/fff/?text=Poochies', '2022-02-10 11:08:22'),
(31, 8, 'Golistic', 'raccoon', 'lotor', 'Excepteur exercitation qui anim ipsum sit fugiat dolor consequat id quis non sunt aliquip dolore. Minim proident dolore aliquip veniam occaecat aliqua duis est veniam magna. Laboris non tempor aliqua cillum nulla tempor aliquip minim non velit tempor reprehenderit adipisicing aliquip.', 'https://via.placeholder.com/400/889/fff/?text=Golistic', '2022-03-05 10:08:04'),
(32, 2, 'Comvex', 'chicken', 'barnevelder', 'Labore nostrud consequat occaecat ut nostrud est. Officia nisi est exercitation id. Occaecat occaecat laboris sunt dolor qui ut ullamco tempor voluptate eu do ut.', 'https://via.placeholder.com/400/841/fff/?text=Comvex', '2022-02-11 05:33:11'),
(33, 9, 'Tripsch', 'chicken', 'leghorn', 'Anim anim aliqua Lorem sint irure do id in. Culpa reprehenderit ea veniam duis. Do voluptate et et do excepteur.', 'https://via.placeholder.com/400/923/fff/?text=Tripsch', '2022-03-26 11:17:39'),
(34, 8, 'Codact', 'rabbit', 'holland lop', 'Excepteur duis ut voluptate laborum eiusmod culpa occaecat veniam. Officia incididunt in labore enim cillum ea aliquip occaecat qui proident sunt. Et voluptate consectetur nulla sit laboris aliqua est in et.', 'https://via.placeholder.com/400/701/fff/?text=Codact', '2022-02-02 06:52:02'),
(35, 8, 'Minga', 'raccoon', 'lotor', 'Tempor quis elit aute ad veniam consequat sunt ut sunt. Dolore est laboris consectetur aliqua sit. Consectetur officia sint incididunt do.', 'https://via.placeholder.com/400/904/fff/?text=Minga', '2022-01-19 12:02:27'),
(36, 6, 'Bugsall', 'raccoon', 'lotor', 'Laborum aute Lorem incididunt ad. Id officia ex in cupidatat. Veniam magna est eiusmod deserunt.', 'https://via.placeholder.com/400/769/fff/?text=Bugsall', '2022-01-29 01:39:11'),
(37, 1, 'Quintity', 'chicken', 'ancona', 'Velit sunt sint consequat laborum laboris dolor eiusmod minim. Qui nulla adipisicing magna esse tempor consectetur. Exercitation est in pariatur commodo incididunt deserunt ad officia anim tempor incididunt.', 'https://via.placeholder.com/400/802/fff/?text=Quintity', '2022-02-25 11:29:12'),
(38, 10, 'Exoswitch', 'rabbit', 'mini lop', 'Et ad nostrud irure veniam aliquip tempor laboris dolor Lorem ea cupidatat deserunt. Ad sint excepteur adipisicing pariatur do excepteur voluptate veniam veniam. Amet aute irure deserunt nisi excepteur et.', 'https://via.placeholder.com/400/986/fff/?text=Exoswitch', '2022-01-02 10:30:56'),
(39, 6, 'Sybixtex', 'chicken', 'barnevelder', 'Eu ipsum dolore sint ex ipsum. Aliquip et quis officia ea nostrud ut qui pariatur minim elit et. Occaecat enim aliquip consectetur proident nisi veniam nulla enim ad.', 'https://via.placeholder.com/400/741/fff/?text=Sybixtex', '2022-03-21 04:23:10'),
(40, 2, 'Eplosion', 'chicken', 'leghorn', 'Velit ex laboris et deserunt adipisicing sunt fugiat ea non commodo deserunt. Irure reprehenderit pariatur duis et elit et do consequat dolor esse veniam. Irure elit non velit nostrud aliqua est reprehenderit nisi Lorem exercitation pariatur voluptate.', 'https://via.placeholder.com/400/890/fff/?text=Eplosion', '2022-01-04 03:39:51'),
(41, 9, 'Digifad', 'rabbit', 'holland lop', 'Tempor sunt consectetur incididunt cupidatat aliquip ea exercitation commodo consectetur. Nulla id dolore velit est. Consequat excepteur dolore ex irure anim dolore.', 'https://via.placeholder.com/400/969/fff/?text=Digifad', '2022-01-13 09:17:34'),
(42, 1, 'Ronelon', 'chicken', 'barnevelder', 'Non irure officia est laborum quis dolore sunt pariatur. Incididunt in et exercitation sint commodo in consequat veniam laboris tempor officia exercitation veniam eu. In consequat sit magna irure.', 'https://via.placeholder.com/400/946/fff/?text=Ronelon', '2022-02-17 07:10:56'),
(43, 3, 'Xeronk', 'rabbit', 'mini lop', 'Do culpa mollit in id nostrud nulla commodo commodo amet Lorem ut fugiat. Elit consequat excepteur sunt nostrud labore nisi tempor consectetur amet mollit pariatur nostrud nostrud id. Deserunt tempor nulla aliquip mollit non sit exercitation dolor fugiat enim laborum.', 'uploads/1653439712.4167_animaloutside5@0.75x.png', '2022-02-23 11:50:55'),
(44, 4, 'Tingles', 'rabbit', 'mini lop', 'Aliquip ullamco mollit dolor sint esse adipisicing cillum aute qui. Incididunt nulla cupidatat elit et voluptate adipisicing officia ex eiusmod nulla irure. Irure ex reprehenderit consectetur sunt eiusmod Lorem ex esse irure do anim.', 'https://via.placeholder.com/400/896/fff/?text=Tingles', '2022-02-03 11:39:54'),
(45, 5, 'Gynk', 'hedgehog', 'amur', 'Cupidatat in dolor officia minim est consequat et excepteur anim amet est tempor. Mollit fugiat aute nostrud culpa nostrud laboris ad labore magna. Sunt ullamco do nulla incididunt voluptate labore proident.', 'https://via.placeholder.com/400/961/fff/?text=Gynk', '2022-01-10 02:54:49'),
(46, 10, 'Exostream', 'chicken', 'leghorn', 'Elit ad proident et nulla nisi qui elit veniam. Reprehenderit irure amet minim incididunt nulla id do sint pariatur. Adipisicing laboris commodo excepteur nisi eiusmod dolor officia incididunt nulla velit Lorem aliquip dolore nisi.', 'https://via.placeholder.com/400/987/fff/?text=Exostream', '2022-02-06 03:25:24'),
(47, 2, 'Spacewax', 'rabbit', 'mini lop', 'Laborum culpa enim velit in eiusmod do exercitation pariatur elit fugiat quis cupidatat officia irure. Cupidatat culpa dolor ad cupidatat velit ea quis cupidatat fugiat enim ut dolor. Minim non culpa esse in laboris pariatur consectetur non.', 'https://via.placeholder.com/400/901/fff/?text=Spacewax', '2022-02-09 10:52:58'),
(48, 6, 'Plutorque', 'hedgehog', 'amur', 'Incididunt eiusmod ex est id laborum nisi in. Aute nulla Lorem qui elit id ipsum occaecat. Nulla Lorem nulla veniam amet Lorem aute.', 'https://via.placeholder.com/400/910/fff/?text=Plutorque', '2022-01-12 09:00:30'),
(49, 2, 'Panzent', 'raccoon', 'lotor', 'Sint veniam anim commodo duis fugiat reprehenderit do aliqua et minim consectetur do veniam. Eiusmod voluptate labore eu sunt nulla nostrud sit aliquip. Ad velit culpa minim mollit deserunt cillum.', 'https://via.placeholder.com/400/910/fff/?text=Panzent', '2022-03-15 02:17:23'),
(50, 5, 'Flyboyz', 'hedgehog', 'somali', 'Nulla ea enim non esse sunt excepteur veniam do do duis. Commodo deserunt cupidatat veniam sunt velit in tempor cupidatat eiusmod non exercitation ullamco. Nostrud voluptate est culpa cupidatat mollit proident consequat labore irure duis ea proident qui.', 'https://via.placeholder.com/400/877/fff/?text=Flyboyz', '2022-03-08 12:42:25'),
(60, 12, 'miumiu', 'rabbit ', 'mini lop', 'such a good bunny', 'https://via.placeholder.com/400/?text=ANIMAL', '2022-05-24 19:14:32');

-- --------------------------------------------------------

--
-- Table structure for table `track_20224_locations`
--

CREATE TABLE `track_20224_locations` (
  `id` int(13) NOT NULL,
  `animal_id` int(13) NOT NULL,
  `lat` decimal(8,6) NOT NULL,
  `lng` decimal(9,6) NOT NULL,
  `description` text NOT NULL,
  `photo` varchar(256) NOT NULL,
  `icon` varchar(256) NOT NULL,
  `date_create` datetime NOT NULL
) ENGINE=MyISAM DEFAULT CHARSET=latin1;

--
-- Dumping data for table `track_20224_locations`
--

INSERT INTO `track_20224_locations` (`id`, `animal_id`, `lat`, `lng`, `description`, `photo`, `icon`, `date_create`) VALUES
(1, 41, 37.755313, -122.352018, 'Ea id officia sint id. Esse qui est incididunt ut sunt laboris sunt cupidatat quis nulla. Do consequat velit irure consequat sit fugiat est cupidatat proident anim qui sunt anim.', 'https://via.placeholder.com/400/', 'https://via.placeholder.com/400/?text=ICON', '2022-02-09 01:45:07'),
(2, 21, 37.746912, -122.453164, 'Culpa occaecat ex pariatur esse cillum occaecat ipsum aliquip ipsum consectetur pariatur aliquip esse nulla. Deserunt sit quis Lorem deserunt fugiat tempor officia cupidatat dolore amet consectetur voluptate. Proident fugiat veniam labore est laborum id proident do et aliqua sunt reprehenderit labore.', 'https://via.placeholder.com/400/', 'https://via.placeholder.com/400/?text=ICON', '2022-01-04 06:22:06'),
(3, 21, 37.790370, -122.477725, 'Anim non eu officia aliqua sunt ex do esse pariatur elit. Eu est quis et non voluptate ut. Magna deserunt aliquip esse officia est fugiat laboris.', 'https://via.placeholder.com/400/', 'https://via.placeholder.com/400/?text=ICON', '2022-03-07 02:11:05'),
(4, 38, 37.797530, -122.467161, 'Quis adipisicing tempor culpa labore laborum voluptate nisi non ut eiusmod est Lorem sunt qui. Cillum exercitation amet sint ipsum minim ex ullamco adipisicing. Adipisicing adipisicing enim voluptate incididunt et duis qui nostrud eiusmod.', 'https://via.placeholder.com/400/', 'https://via.placeholder.com/400/?text=ICON', '2022-03-03 06:56:40'),
(5, 33, 37.774195, -122.389135, 'Dolore nostrud amet est velit consectetur. Do sit cillum nostrud aliquip ut do amet. Consectetur Lorem ea cillum aute consectetur ad.', 'https://via.placeholder.com/400/', 'https://via.placeholder.com/400/?text=ICON', '2022-02-01 01:29:17'),
(6, 12, 37.714531, -122.374342, 'Culpa ad duis consectetur amet reprehenderit ad ipsum adipisicing dolore reprehenderit. Commodo dolore consectetur anim tempor magna eiusmod. Quis enim proident nisi laborum id ex qui voluptate.', 'https://via.placeholder.com/400/', 'https://via.placeholder.com/400/?text=ICON', '2022-01-23 10:32:50'),
(7, 36, 37.765662, -122.415449, 'Aliquip qui esse dolor esse pariatur sunt excepteur et irure non consectetur id dolor. Culpa deserunt duis nulla tempor consectetur ut elit duis deserunt. Labore ipsum sit commodo ex consectetur.', 'https://via.placeholder.com/400/', 'https://via.placeholder.com/400/?text=ICON', '2022-03-02 02:09:25'),
(8, 39, 37.802924, -122.429971, 'Occaecat eiusmod voluptate id nulla sunt. Minim laborum aliquip id ut cupidatat aliqua non ex adipisicing voluptate aute. Sit sint do voluptate exercitation ullamco fugiat.', 'https://via.placeholder.com/400/', 'https://via.placeholder.com/400/?text=ICON', '2022-04-02 12:23:06'),
(9, 12, 37.722246, -122.403778, 'Esse dolore ut aliqua qui occaecat esse in nostrud laborum velit. Esse duis amet proident est occaecat mollit laboris id laborum. Occaecat officia veniam laborum commodo id cupidatat nulla exercitation in.', 'https://via.placeholder.com/400/', 'https://via.placeholder.com/400/?text=ICON', '2022-01-04 10:11:02'),
(10, 42, 37.732224, -122.409298, 'Tempor eu ex cupidatat anim ut esse deserunt exercitation anim nisi duis in. Fugiat aute ex non adipisicing consectetur ex mollit aliquip. Amet reprehenderit esse laboris est veniam amet nulla consequat pariatur in.', 'https://via.placeholder.com/400/', 'https://via.placeholder.com/400/?text=ICON', '2022-03-06 05:01:05'),
(11, 45, 37.777198, -122.454227, 'Commodo laborum elit eu eu aute. Velit incididunt anim et quis aliquip ipsum excepteur consequat sunt amet eu. Labore nostrud dolor tempor cillum velit ex sunt duis aliqua minim cillum sunt deserunt.', 'https://via.placeholder.com/400/', 'https://via.placeholder.com/400/?text=ICON', '2022-04-01 02:35:41'),
(12, 3, 37.782715, -122.461928, 'Elit in sunt officia nostrud culpa deserunt voluptate dolor in nostrud culpa magna veniam. Voluptate nisi ea ullamco adipisicing cillum veniam officia proident do aliqua sit sint. Incididunt ex reprehenderit voluptate qui reprehenderit ea duis ullamco deserunt esse irure incididunt.', 'https://via.placeholder.com/400/', 'https://via.placeholder.com/400/?text=ICON', '2022-01-18 05:27:35'),
(13, 32, 37.793929, -122.391745, 'Dolor dolore quis ipsum amet elit labore sint. Dolor sunt cillum id fugiat veniam officia qui nostrud laborum labore dolor deserunt. Ex non et amet esse deserunt exercitation aliquip dolore.', 'https://via.placeholder.com/400/', 'https://via.placeholder.com/400/?text=ICON', '2022-01-07 01:14:36'),
(14, 45, 37.782666, -122.398212, 'Occaecat voluptate voluptate enim irure nulla. Veniam do nulla officia laborum. Eu id dolor velit mollit id laboris sit Lorem do eiusmod laboris in enim proident.', 'https://via.placeholder.com/400/', 'https://via.placeholder.com/400/?text=ICON', '2022-01-30 12:49:44'),
(15, 44, 37.735705, -122.371892, 'Officia excepteur nisi magna incididunt. Cupidatat consectetur sit et velit eiusmod nisi dolore veniam. Ipsum sit aliquip ad voluptate cillum labore culpa mollit exercitation est.', 'https://via.placeholder.com/400/', 'https://via.placeholder.com/400/?text=ICON', '2022-02-06 11:11:29'),
(16, 36, 37.767909, -122.349974, 'Eu amet est ex ut laborum. Ea minim do nulla nulla nulla ipsum exercitation duis Lorem aute anim Lorem. Nulla ea et officia occaecat elit ex sint officia elit occaecat sint deserunt ea excepteur.', 'https://via.placeholder.com/400/', 'https://via.placeholder.com/400/?text=ICON', '2022-01-16 06:28:01'),
(17, 9, 37.741716, -122.457433, 'Aliquip sunt consequat et et. Pariatur excepteur pariatur sint eu. Velit est deserunt voluptate ea in mollit magna irure quis.', 'https://via.placeholder.com/400/', 'https://via.placeholder.com/400/?text=ICON', '2022-03-18 01:03:40'),
(18, 35, 37.789677, -122.358204, 'Consequat irure non officia nostrud. In aute irure excepteur mollit sunt. Do enim est aute qui occaecat.', 'https://via.placeholder.com/400/', 'https://via.placeholder.com/400/?text=ICON', '2022-04-07 04:00:54'),
(19, 32, 37.731849, -122.467762, 'Mollit nostrud incididunt ea laboris ad nostrud ex consectetur voluptate. Ad Lorem sunt consequat aute cillum. Anim do aute officia ex cupidatat amet nulla commodo deserunt.', 'https://via.placeholder.com/400/', 'https://via.placeholder.com/400/?text=ICON', '2022-03-23 05:11:59'),
(20, 1, 37.764469, -122.504969, 'Tempor culpa amet aliquip deserunt occaecat. Proident et labore elit consectetur consequat cillum dolore. Sit duis id fugiat sit minim eiusmod exercitation tempor commodo tempor.', 'https://via.placeholder.com/400/', 'https://via.placeholder.com/400/?text=ICON', '2022-04-03 08:55:48'),
(21, 27, 37.752135, -122.441074, 'In pariatur proident aute sunt ad Lorem ullamco nostrud officia laborum aliquip deserunt tempor aliqua. Anim anim amet sint anim nulla consectetur id nulla ullamco. Dolore ad aliqua pariatur ad sit nisi.', 'https://via.placeholder.com/400/', 'https://via.placeholder.com/400/?text=ICON', '2022-02-02 07:53:05'),
(22, 20, 37.791909, -122.355715, 'Sit labore laboris occaecat ea ut elit. Mollit irure eiusmod veniam culpa voluptate Lorem nostrud aute voluptate. Elit culpa nostrud ad cupidatat et incididunt voluptate.', 'https://via.placeholder.com/400/', 'https://via.placeholder.com/400/?text=ICON', '2022-04-07 01:32:02'),
(23, 20, 37.719434, -122.360606, 'Irure aliquip excepteur aliqua duis ullamco cupidatat proident. Ipsum in irure id nisi irure occaecat. Do irure duis nisi id tempor.', 'https://via.placeholder.com/400/', 'https://via.placeholder.com/400/?text=ICON', '2022-02-21 10:58:31'),
(24, 22, 37.739788, -122.484332, 'Dolor ea laborum laborum incididunt officia enim culpa exercitation eiusmod sunt. Ullamco fugiat irure laborum esse non minim id occaecat. In Lorem laboris occaecat ex enim culpa labore.', 'https://via.placeholder.com/400/', 'https://via.placeholder.com/400/?text=ICON', '2022-02-17 12:25:27'),
(25, 25, 37.791423, -122.359757, 'Id consequat aliqua sint laborum enim sunt amet quis velit. Mollit in sit proident laboris. In officia laborum laborum reprehenderit quis qui est.', 'https://via.placeholder.com/400/', 'https://via.placeholder.com/400/?text=ICON', '2022-01-12 02:43:50'),
(26, 36, 37.738332, -122.365681, 'Mollit adipisicing ullamco dolor eiusmod dolore amet occaecat cupidatat. Veniam consectetur cillum est in irure ea non proident Lorem sunt Lorem ut. Proident elit dolor et aliqua ea ullamco qui tempor labore ullamco elit cupidatat duis labore.', 'https://via.placeholder.com/400/', 'https://via.placeholder.com/400/?text=ICON', '2022-01-19 04:18:05'),
(27, 1, 37.800868, -122.375669, 'Reprehenderit deserunt minim fugiat occaecat anim adipisicing commodo non. Ad elit incididunt aliqua nisi amet esse officia adipisicing pariatur dolore. Aliquip sit anim aute ipsum.', 'https://via.placeholder.com/400/', 'https://via.placeholder.com/400/?text=ICON', '2022-02-09 11:51:15'),
(28, 16, 37.737357, -122.373301, 'Mollit do consectetur sunt dolor ad anim non quis nostrud excepteur enim aliquip irure. Nulla laborum proident ullamco exercitation labore. Cupidatat fugiat et velit quis laboris proident cillum duis nisi nisi amet officia culpa quis.', 'https://via.placeholder.com/400/', 'https://via.placeholder.com/400/?text=ICON', '2022-03-21 02:51:27'),
(29, 47, 37.787067, -122.400429, 'Veniam in voluptate consectetur ipsum deserunt reprehenderit minim cillum ea. Cupidatat aute non culpa anim et exercitation. Ullamco dolor eiusmod fugiat exercitation culpa consectetur tempor est.', 'https://via.placeholder.com/400/', 'https://via.placeholder.com/400/?text=ICON', '2022-03-04 08:48:14'),
(30, 47, 37.746606, -122.407161, 'Cupidatat veniam commodo eiusmod elit velit amet magna culpa ex laborum anim sunt excepteur anim. Sint ipsum ea excepteur commodo cupidatat duis irure laboris. Occaecat laboris in ea occaecat nisi.', 'https://via.placeholder.com/400/', 'https://via.placeholder.com/400/?text=ICON', '2022-02-14 08:31:06'),
(31, 2, 37.780656, -122.464514, 'Eu labore magna anim deserunt consectetur aliqua cillum aliqua nostrud nulla Lorem reprehenderit. Ea consectetur ut do cillum pariatur consequat occaecat ex ex irure adipisicing minim. Sunt ullamco laborum exercitation cillum.', 'https://via.placeholder.com/400/', 'https://via.placeholder.com/400/?text=ICON', '2022-01-14 11:44:03'),
(32, 32, 37.748447, -122.476094, 'Adipisicing anim aliquip quis magna tempor proident quis minim. Lorem ex commodo aliqua id irure excepteur eiusmod magna ex Lorem. Mollit ea deserunt aliqua laboris nostrud sint nisi anim et esse cupidatat culpa.', 'https://via.placeholder.com/400/', 'https://via.placeholder.com/400/?text=ICON', '2022-04-03 08:27:30'),
(33, 24, 37.755123, -122.474022, 'Nulla reprehenderit do nulla occaecat dolor excepteur aliqua anim incididunt officia ad. Eu laborum aliqua ad do ipsum irure nostrud proident. Do tempor esse deserunt veniam.', 'https://via.placeholder.com/400/', 'https://via.placeholder.com/400/?text=ICON', '2022-01-10 12:16:36'),
(34, 33, 37.720316, -122.467016, 'Ipsum ex quis sunt eu. Anim irure dolore deserunt consectetur velit ut duis quis officia labore amet elit. Irure esse anim ex laboris proident consequat eu consequat ipsum eiusmod mollit pariatur.', 'https://via.placeholder.com/400/', 'https://via.placeholder.com/400/?text=ICON', '2022-01-20 08:12:55'),
(35, 43, 37.790130, -122.494013, 'Ullamco laborum sint ad commodo anim officia sunt fugiat ipsum Lorem voluptate. Excepteur est mollit tempor laboris ut excepteur ad consequat aute officia ullamco laboris aliquip ut. Veniam sit eu Lorem ex adipisicing ut proident pariatur excepteur pariatur Lorem.', 'https://via.placeholder.com/400/', 'https://via.placeholder.com/400/?text=ICON', '2022-01-25 12:01:28'),
(36, 33, 37.766591, -122.454066, 'Consectetur nisi sit aliquip eiusmod sunt cillum anim veniam dolor aute cupidatat. Do commodo in amet Lorem incididunt incididunt. Cillum in exercitation ex Lorem cillum veniam nulla ullamco ut voluptate ad veniam amet.', 'https://via.placeholder.com/400/', 'https://via.placeholder.com/400/?text=ICON', '2022-02-07 07:49:05'),
(37, 46, 37.768753, -122.345000, 'Deserunt labore laborum deserunt nisi aute ut est laboris duis reprehenderit. Magna culpa et enim culpa in aute elit commodo cupidatat duis. Ea Lorem esse mollit culpa non anim culpa laboris ipsum proident anim consequat.', 'https://via.placeholder.com/400/', 'https://via.placeholder.com/400/?text=ICON', '2022-01-18 01:29:16'),
(38, 38, 37.724165, -122.445089, 'Consequat eu eu aliqua eu. Esse nostrud incididunt cupidatat aute. Ex sit laborum dolor esse ea minim in tempor excepteur ea incididunt culpa reprehenderit velit.', 'https://via.placeholder.com/400/', 'https://via.placeholder.com/400/?text=ICON', '2022-04-08 02:14:52'),
(39, 23, 37.723022, -122.358451, 'Est aute ut est nostrud deserunt cupidatat laborum. Aliquip adipisicing aliqua sit et Lorem aute ex consectetur. Mollit voluptate nulla officia minim enim qui excepteur consequat occaecat excepteur ad.', 'https://via.placeholder.com/400/', 'https://via.placeholder.com/400/?text=ICON', '2022-02-18 11:16:02'),
(40, 48, 37.733503, -122.379205, 'Eu sit laboris esse qui eiusmod incididunt deserunt proident ad aliquip aliqua labore voluptate. Voluptate fugiat proident ut ipsum et ipsum exercitation. Aute pariatur ex nostrud ad id incididunt.', 'https://via.placeholder.com/400/', 'https://via.placeholder.com/400/?text=ICON', '2022-01-30 11:27:25'),
(41, 26, 37.742649, -122.396916, 'Ad ullamco veniam esse dolore pariatur aute tempor labore fugiat officia eiusmod cupidatat. Reprehenderit ipsum incididunt proident ut reprehenderit dolore duis aute aliquip anim dolore cupidatat. Ea consectetur consequat ea labore amet ex reprehenderit deserunt officia excepteur commodo fugiat culpa ea.', 'https://via.placeholder.com/400/', 'https://via.placeholder.com/400/?text=ICON', '2022-04-08 09:58:48'),
(42, 50, 37.727216, -122.504156, 'Anim laborum exercitation reprehenderit non qui aliquip anim in veniam sunt consectetur enim fugiat. Consequat exercitation ex sunt eiusmod eu exercitation et incididunt est aliqua consectetur dolor. Labore cupidatat amet est amet irure ullamco id commodo magna nisi irure.', 'https://via.placeholder.com/400/', 'https://via.placeholder.com/400/?text=ICON', '2022-02-21 02:58:41'),
(43, 39, 37.733922, -122.417076, 'Cupidatat sunt nostrud voluptate sint nisi tempor commodo reprehenderit deserunt consequat Lorem laborum dolor esse. Aliquip duis Lorem aliqua cupidatat sit aliqua. Velit minim dolore excepteur magna irure ipsum labore nulla sit.', 'https://via.placeholder.com/400/', 'https://via.placeholder.com/400/?text=ICON', '2022-02-15 06:38:24'),
(44, 17, 37.788857, -122.471627, 'Et voluptate sint ad ipsum consequat reprehenderit voluptate dolore. Cillum elit dolor mollit et reprehenderit elit aliqua consectetur nostrud amet proident. Sunt quis deserunt amet aliquip do irure aute minim.', 'https://via.placeholder.com/400/', 'https://via.placeholder.com/400/?text=ICON', '2022-04-06 01:25:43'),
(45, 9, 37.726757, -122.399281, 'Elit tempor eiusmod culpa aute sint quis pariatur. Do ullamco amet nisi eu est in sunt est eu ullamco in officia. Sunt consectetur dolore in nulla commodo ea qui ex sit.', 'https://via.placeholder.com/400/', 'https://via.placeholder.com/400/?text=ICON', '2022-01-13 07:02:08'),
(46, 15, 37.763262, -122.455338, 'Nostrud non labore quis elit irure ut mollit est commodo proident aliquip amet incididunt. Id reprehenderit pariatur consequat est enim est officia nulla incididunt. Ipsum qui duis excepteur consectetur id proident nulla exercitation ullamco.', 'https://via.placeholder.com/400/', 'https://via.placeholder.com/400/?text=ICON', '2022-02-18 03:28:56'),
(47, 28, 37.753951, -122.364450, 'Consectetur eiusmod cillum ipsum dolor mollit et cupidatat voluptate nulla reprehenderit. Ad elit culpa incididunt excepteur ut consectetur cillum in anim esse non fugiat consectetur. Nisi fugiat do non id tempor quis.', 'https://via.placeholder.com/400/', 'https://via.placeholder.com/400/?text=ICON', '2022-02-03 12:57:59'),
(48, 7, 37.795298, -122.435454, 'Nulla pariatur magna sit elit commodo et pariatur eiusmod nisi irure Lorem sit velit magna. Aute voluptate cupidatat nulla dolor. Ipsum incididunt Lorem in ullamco mollit incididunt non nostrud reprehenderit labore eiusmod.', 'https://via.placeholder.com/400/', 'https://via.placeholder.com/400/?text=ICON', '2022-02-18 10:20:07'),
(49, 38, 37.769492, -122.395322, 'Sint dolore sit enim mollit reprehenderit. Proident cillum exercitation velit excepteur exercitation cupidatat. Consequat veniam nisi quis qui cillum sint sint adipisicing.', 'https://via.placeholder.com/400/', 'https://via.placeholder.com/400/?text=ICON', '2022-03-03 02:36:47'),
(50, 32, 37.774646, -122.375400, 'Excepteur aliquip sint Lorem quis proident cillum cillum pariatur id et. Excepteur labore et in irure. Officia magna pariatur fugiat cupidatat aliquip consectetur ut fugiat.', 'https://via.placeholder.com/400/', 'https://via.placeholder.com/400/?text=ICON', '2022-03-22 07:55:31'),
(51, 37, 37.733098, -122.353196, 'Eu nulla culpa nisi laboris ullamco do nulla. Eiusmod exercitation nostrud tempor consequat occaecat Lorem reprehenderit pariatur. Consectetur minim ut aliquip velit.', 'https://via.placeholder.com/400/', 'https://via.placeholder.com/400/?text=ICON', '2022-03-23 04:03:35'),
(52, 9, 37.792099, -122.351577, 'Commodo ad occaecat deserunt elit voluptate. Fugiat qui duis laborum aliqua. Amet Lorem laborum sit adipisicing.', 'https://via.placeholder.com/400/', 'https://via.placeholder.com/400/?text=ICON', '2022-01-05 07:47:48'),
(53, 9, 37.790234, -122.503216, 'Sint occaecat aliqua culpa consequat ea Lorem fugiat duis. Nostrud duis do reprehenderit tempor ea fugiat ex sit cillum. Mollit adipisicing ea nostrud anim reprehenderit eiusmod nisi non ut.', 'https://via.placeholder.com/400/', 'https://via.placeholder.com/400/?text=ICON', '2022-03-10 04:45:15'),
(54, 2, 37.723000, -122.483781, 'Elit culpa id labore eiusmod exercitation eu est irure nisi. Voluptate velit eiusmod deserunt sunt ut non irure sunt qui aute. Dolore id cillum exercitation labore cillum commodo.', 'https://via.placeholder.com/400/', 'https://via.placeholder.com/400/?text=ICON', '2022-04-05 04:40:33'),
(55, 46, 37.782224, -122.379574, 'Proident ipsum sunt sunt in id irure reprehenderit ullamco fugiat deserunt aliqua dolor excepteur. Nostrud laboris Lorem ex dolore quis occaecat et irure cillum incididunt minim incididunt sunt. Elit occaecat cillum voluptate sint magna officia id enim.', 'https://via.placeholder.com/400/', 'https://via.placeholder.com/400/?text=ICON', '2022-02-22 08:57:00'),
(56, 3, 37.744142, -122.444505, 'Elit officia amet anim tempor quis cillum ex nostrud quis eu. Mollit labore occaecat duis velit esse aliquip adipisicing minim incididunt ex deserunt. Consectetur exercitation id pariatur enim nisi tempor aliquip.', 'https://via.placeholder.com/400/', 'https://via.placeholder.com/400/?text=ICON', '2022-03-29 08:52:04'),
(57, 33, 37.743104, -122.375787, 'Aute Lorem fugiat anim pariatur amet eiusmod officia excepteur aliquip veniam. Dolore elit nulla nostrud ad nostrud consectetur duis nulla in quis. In deserunt aliqua pariatur nisi officia dolor reprehenderit elit.', 'https://via.placeholder.com/400/', 'https://via.placeholder.com/400/?text=ICON', '2022-03-23 02:35:16'),
(58, 16, 37.759828, -122.397364, 'Ea nisi aute excepteur tempor duis laborum quis magna anim irure est proident aliquip tempor. Fugiat sit voluptate culpa ipsum labore Lorem duis excepteur non duis velit veniam non laborum. Id labore ea amet aute consectetur ut laboris.', 'https://via.placeholder.com/400/', 'https://via.placeholder.com/400/?text=ICON', '2022-03-09 09:58:25'),
(59, 26, 37.777170, -122.345502, 'Ea veniam veniam consequat tempor cupidatat magna est laboris. Labore consectetur labore laboris irure proident sint nisi dolor aliquip sunt est occaecat. Occaecat ipsum Lorem do magna.', 'https://via.placeholder.com/400/', 'https://via.placeholder.com/400/?text=ICON', '2022-03-01 03:18:09'),
(60, 1, 37.741259, -122.412516, 'Incididunt cupidatat veniam magna ipsum anim elit. Pariatur elit aliquip velit aute cillum ut nulla voluptate exercitation eiusmod tempor reprehenderit fugiat. Ut ut id ullamco excepteur adipisicing consectetur.', 'https://via.placeholder.com/400/', 'https://via.placeholder.com/400/?text=ICON', '2022-02-28 09:58:16'),
(61, 7, 37.717341, -122.415210, 'Consectetur ea id velit eu laborum duis occaecat labore laborum. Deserunt irure consectetur duis do sunt minim id ullamco pariatur fugiat consectetur quis. Aute esse duis ad eu occaecat eu voluptate officia labore id cupidatat aliqua.', 'https://via.placeholder.com/400/', 'https://via.placeholder.com/400/?text=ICON', '2022-01-21 10:04:01'),
(62, 23, 37.723796, -122.342689, 'Esse amet sint est consectetur irure ipsum. Ad labore magna nisi pariatur magna. Amet aute nulla irure dolor enim ut ex in fugiat proident.', 'https://via.placeholder.com/400/', 'https://via.placeholder.com/400/?text=ICON', '2022-02-22 04:06:20'),
(63, 32, 37.725421, -122.359404, 'Velit incididunt aliqua irure amet. Quis est ad officia qui enim nulla ad ex aliquip in et. Officia ex incididunt nisi excepteur dolor proident aliquip est sit sint.', 'https://via.placeholder.com/400/', 'https://via.placeholder.com/400/?text=ICON', '2022-03-05 06:34:07'),
(64, 35, 37.712794, -122.444640, 'Exercitation sunt pariatur quis dolor dolore excepteur. Ea sit adipisicing proident eiusmod nisi exercitation voluptate anim. Nostrud aute elit nostrud officia in.', 'https://via.placeholder.com/400/', 'https://via.placeholder.com/400/?text=ICON', '2022-03-02 10:39:03'),
(65, 20, 37.720445, -122.371104, 'Sunt ullamco veniam excepteur dolor nulla ut incididunt esse magna cillum amet ipsum. Commodo veniam exercitation laboris eiusmod irure labore nostrud commodo excepteur pariatur. Fugiat cupidatat exercitation est esse aliquip.', 'https://via.placeholder.com/400/', 'https://via.placeholder.com/400/?text=ICON', '2022-03-17 10:47:20'),
(66, 9, 37.778860, -122.420378, 'Nisi laboris mollit velit magna magna voluptate adipisicing reprehenderit anim. Et officia proident ipsum incididunt duis sint. Sunt sint pariatur consequat mollit sunt veniam labore exercitation amet cillum enim veniam.', 'https://via.placeholder.com/400/', 'https://via.placeholder.com/400/?text=ICON', '2022-01-05 05:04:31'),
(67, 37, 37.735059, -122.473092, 'Ut officia ut cillum aliqua eu mollit velit ea veniam eu id ea quis eiusmod. Ex pariatur dolor adipisicing non culpa magna deserunt duis aliquip in adipisicing amet tempor cillum. Proident ea ad ut ad id excepteur velit ea elit.', 'https://via.placeholder.com/400/', 'https://via.placeholder.com/400/?text=ICON', '2022-02-22 01:37:43'),
(68, 18, 37.722155, -122.441685, 'Exercitation nostrud consectetur qui aute sit sit occaecat ullamco eu exercitation cupidatat commodo. Veniam irure incididunt duis non pariatur adipisicing anim labore ut. Aute do elit esse in incididunt ullamco.', 'https://via.placeholder.com/400/', 'https://via.placeholder.com/400/?text=ICON', '2022-02-07 05:43:17'),
(69, 32, 37.776077, -122.340905, 'Dolor ut in tempor laborum ullamco nisi officia do eiusmod nisi consequat culpa officia nulla. Nostrud incididunt fugiat ad reprehenderit incididunt. Ex exercitation ex consectetur velit esse nulla sunt id.', 'https://via.placeholder.com/400/', 'https://via.placeholder.com/400/?text=ICON', '2022-03-07 01:16:23'),
(70, 50, 37.796449, -122.413658, 'Anim adipisicing aliquip quis cillum id consectetur culpa minim veniam tempor sint velit incididunt. Ullamco quis eu aliquip aliquip laboris ad ex nulla cupidatat irure ex non. Aliquip esse dolore laborum nulla adipisicing fugiat qui minim elit deserunt exercitation pariatur id nostrud.', 'https://via.placeholder.com/400/', 'https://via.placeholder.com/400/?text=ICON', '2022-01-10 04:56:09'),
(71, 44, 37.764025, -122.438550, 'Sunt aute elit minim ad exercitation adipisicing irure laboris voluptate aute cillum. Eu dolore enim commodo fugiat sit aliquip laborum. Dolore eiusmod Lorem qui aliqua.', 'https://via.placeholder.com/400/', 'https://via.placeholder.com/400/?text=ICON', '2022-01-20 09:24:57'),
(72, 10, 37.731785, -122.365936, 'Ut incididunt et deserunt aliquip et et sit anim ad pariatur quis. Labore Lorem aliquip dolor ipsum nostrud nostrud esse quis. Ex non tempor exercitation qui exercitation elit sit laborum ea sit sunt sint id.', 'https://via.placeholder.com/400/', 'https://via.placeholder.com/400/?text=ICON', '2022-01-15 08:28:25'),
(73, 2, 37.792006, -122.483718, 'Proident minim pariatur labore adipisicing velit. Amet irure aliquip nulla sunt exercitation. Quis esse et ipsum culpa dolore qui ut.', 'https://via.placeholder.com/400/', 'https://via.placeholder.com/400/?text=ICON', '2022-02-02 11:32:06'),
(74, 44, 37.737126, -122.388951, 'Aliqua aliquip eu sunt est minim deserunt consequat nostrud culpa. Velit Lorem irure laborum non voluptate cupidatat nisi fugiat voluptate occaecat amet. Pariatur sint velit nulla laborum enim id laborum.', 'https://via.placeholder.com/400/', 'https://via.placeholder.com/400/?text=ICON', '2022-03-30 04:37:48'),
(75, 20, 37.769712, -122.353112, 'Aute exercitation et id non incididunt consequat fugiat pariatur in quis eu. Deserunt mollit occaecat minim nostrud velit nulla eiusmod dolor velit ullamco. Non voluptate proident commodo laborum consectetur.', 'https://via.placeholder.com/400/', 'https://via.placeholder.com/400/?text=ICON', '2022-03-31 09:23:43'),
(76, 43, 37.741108, -122.479147, 'Ullamco velit elit nisi sunt ut officia proident fugiat dolore. Dolor et enim ullamco cillum elit qui pariatur adipisicing velit. Non nisi cupidatat nisi mollit non ipsum labore.', 'https://via.placeholder.com/400/', 'https://via.placeholder.com/400/?text=ICON', '2022-03-10 09:00:07'),
(77, 22, 37.727274, -122.456537, 'Cupidatat minim consectetur aute quis exercitation dolor adipisicing ullamco nulla qui enim. Deserunt Lorem cillum cupidatat proident. Consectetur non sint ex magna reprehenderit.', 'https://via.placeholder.com/400/', 'https://via.placeholder.com/400/?text=ICON', '2022-01-06 08:23:24'),
(78, 23, 37.722018, -122.401980, 'Non cillum est fugiat quis ex excepteur. Dolor laboris ullamco est labore incididunt. Duis reprehenderit enim qui mollit exercitation magna adipisicing deserunt eiusmod esse aliquip proident nulla pariatur.', 'https://via.placeholder.com/400/', 'https://via.placeholder.com/400/?text=ICON', '2022-03-02 08:08:50'),
(79, 8, 37.774117, -122.392973, 'Irure eiusmod cupidatat culpa magna laboris excepteur ut. Sint do enim exercitation exercitation ut pariatur ipsum aliquip consectetur officia deserunt sit. Sint aliquip est nisi irure officia aliquip officia nostrud consequat.', 'https://via.placeholder.com/400/', 'https://via.placeholder.com/400/?text=ICON', '2022-02-04 02:15:11'),
(80, 4, 37.779668, -122.437755, 'Lorem dolor adipisicing fugiat excepteur amet culpa sunt dolor nulla. Nisi tempor tempor adipisicing fugiat reprehenderit nostrud aute laboris ipsum. Duis reprehenderit qui et do velit.', 'https://via.placeholder.com/400/', 'https://via.placeholder.com/400/?text=ICON', '2022-03-28 03:19:06'),
(81, 26, 37.775440, -122.495492, 'Mollit eiusmod enim elit commodo officia nostrud eu duis culpa excepteur velit. Ut in veniam duis ut voluptate dolor. Minim sunt officia in pariatur irure minim sit occaecat.', 'https://via.placeholder.com/400/', 'https://via.placeholder.com/400/?text=ICON', '2022-04-05 10:34:45'),
(82, 28, 37.786067, -122.407731, 'Consectetur nostrud deserunt reprehenderit dolore. Eu consectetur et adipisicing duis voluptate ipsum ad tempor do sunt excepteur consequat commodo incididunt. Anim elit commodo eu deserunt magna pariatur qui culpa mollit mollit velit.', 'https://via.placeholder.com/400/', 'https://via.placeholder.com/400/?text=ICON', '2022-01-08 04:57:19'),
(83, 14, 37.802047, -122.352725, 'Fugiat nisi nisi et velit cillum proident anim officia nisi tempor. Amet et mollit eiusmod eiusmod eu excepteur laboris consectetur ut anim laborum esse sit. Sit voluptate exercitation consequat do id.', 'https://via.placeholder.com/400/', 'https://via.placeholder.com/400/?text=ICON', '2022-01-16 08:05:51'),
(84, 24, 37.756887, -122.399382, 'Ullamco minim et commodo ut eu pariatur. Enim eiusmod id sunt cillum fugiat non qui adipisicing aliqua. Do enim Lorem voluptate incididunt deserunt occaecat ipsum deserunt sunt pariatur incididunt.', 'https://via.placeholder.com/400/', 'https://via.placeholder.com/400/?text=ICON', '2022-03-06 09:43:08'),
(85, 6, 37.747878, -122.425189, 'Culpa duis dolor fugiat adipisicing. Deserunt ullamco voluptate voluptate fugiat qui reprehenderit sint. Excepteur sunt in adipisicing in aliqua.', 'https://via.placeholder.com/400/', 'https://via.placeholder.com/400/?text=ICON', '2022-02-01 11:28:38'),
(86, 38, 37.730301, -122.502660, 'Aliqua anim do enim in fugiat. Consectetur qui consequat incididunt fugiat mollit veniam minim reprehenderit sint labore voluptate anim exercitation minim. Veniam adipisicing sint commodo cupidatat ex officia eiusmod anim nulla ut enim nostrud anim sit.', 'https://via.placeholder.com/400/', 'https://via.placeholder.com/400/?text=ICON', '2022-01-24 04:33:45'),
(87, 11, 37.742492, -122.348725, 'Deserunt Lorem occaecat sunt ipsum incididunt deserunt voluptate amet exercitation. Sit est occaecat aute nostrud. Cillum adipisicing do amet ea.', 'https://via.placeholder.com/400/', 'https://via.placeholder.com/400/?text=ICON', '2022-03-20 08:26:41'),
(88, 13, 37.767996, -122.418431, 'Irure officia ea labore laborum laboris quis ullamco tempor officia est incididunt duis consectetur. Id occaecat pariatur enim nisi anim Lorem veniam exercitation ullamco sit aliqua pariatur mollit anim. Incididunt anim labore consectetur fugiat ea veniam commodo eu ut pariatur.', 'https://via.placeholder.com/400/', 'https://via.placeholder.com/400/?text=ICON', '2022-02-07 03:28:59'),
(89, 19, 37.802065, -122.452021, 'Cupidatat enim ipsum elit aute Lorem minim dolore nulla in. Ipsum aliquip est sint dolore esse irure. Do quis occaecat adipisicing ut.', 'https://via.placeholder.com/400/', 'https://via.placeholder.com/400/?text=ICON', '2022-01-07 05:31:44'),
(90, 29, 37.754168, -122.457331, 'Et id dolore sit velit nulla sint aliquip aliquip pariatur laborum ea. Occaecat laboris cupidatat enim ullamco cupidatat in culpa ad voluptate culpa esse aliquip cillum. Elit excepteur dolor officia aliquip aliquip amet in ullamco non laborum ut laborum ut sit.', 'https://via.placeholder.com/400/', 'https://via.placeholder.com/400/?text=ICON', '2022-04-06 05:27:28'),
(91, 2, 37.737165, -122.373579, 'Nostrud laborum mollit elit fugiat est officia excepteur sint non. Consequat minim in irure pariatur consequat consectetur irure ea occaecat minim sunt duis tempor nisi. Amet quis Lorem excepteur nulla excepteur occaecat anim sint aliquip in.', 'https://via.placeholder.com/400/', 'https://via.placeholder.com/400/?text=ICON', '2022-03-23 03:00:18'),
(92, 39, 37.732723, -122.405201, 'Lorem aliqua proident commodo duis amet deserunt labore officia dolor cillum est eu. Nulla consectetur occaecat esse in occaecat fugiat nostrud officia id sunt. Id excepteur dolor consequat non velit.', 'https://via.placeholder.com/400/', 'https://via.placeholder.com/400/?text=ICON', '2022-01-15 11:22:28'),
(93, 44, 37.756347, -122.405332, 'Id veniam laboris magna non veniam laborum adipisicing anim aliquip labore amet id. Consequat duis elit consectetur nulla adipisicing esse id proident eu officia duis nostrud exercitation culpa. Ullamco esse dolor anim ut exercitation.', 'https://via.placeholder.com/400/', 'https://via.placeholder.com/400/?text=ICON', '2022-03-31 11:50:31'),
(94, 21, 37.799762, -122.482443, 'Minim voluptate sunt et amet eu excepteur commodo ea fugiat aute irure. Quis nulla proident consequat adipisicing duis quis sint occaecat. Occaecat anim incididunt anim mollit cillum reprehenderit laboris irure nulla dolore Lorem est minim in.', 'https://via.placeholder.com/400/', 'https://via.placeholder.com/400/?text=ICON', '2022-03-23 01:00:33'),
(95, 35, 37.787481, -122.440960, 'Consectetur nulla officia commodo Lorem sunt deserunt nisi labore culpa nisi. Fugiat reprehenderit cillum elit adipisicing commodo. Dolore commodo duis irure amet ex adipisicing laboris elit veniam anim velit consectetur ad.', 'https://via.placeholder.com/400/', 'https://via.placeholder.com/400/?text=ICON', '2022-03-29 02:52:34'),
(96, 43, 37.732032, -122.437958, 'Cillum aliquip est duis sunt et reprehenderit Lorem do incididunt. Cillum ullamco sint consequat eiusmod dolor dolor et. Commodo sit consectetur sint nostrud ex quis incididunt.', 'https://via.placeholder.com/400/', 'https://via.placeholder.com/400/?text=ICON', '2022-03-31 06:53:11'),
(97, 12, 37.785895, -122.366154, 'Sit pariatur labore ea aute. Quis ullamco fugiat eiusmod voluptate Lorem in exercitation adipisicing. Exercitation in aute anim nostrud.', 'https://via.placeholder.com/400/', 'https://via.placeholder.com/400/?text=ICON', '2022-01-10 03:38:28'),
(98, 33, 37.710593, -122.433499, 'Eu pariatur consequat do duis. Adipisicing sunt ad elit sint voluptate ad aliquip sunt velit irure officia cillum ut consequat. Et non minim mollit ad esse irure commodo in sunt magna elit proident commodo.', 'https://via.placeholder.com/400/', 'https://via.placeholder.com/400/?text=ICON', '2022-01-26 04:30:38'),
(99, 45, 37.721540, -122.413959, 'Esse sunt culpa nisi aliquip id nisi. Laborum fugiat aliquip tempor id commodo proident anim proident ea ad reprehenderit id mollit. Sunt occaecat ad nulla in aute ut adipisicing.', 'https://via.placeholder.com/400/', 'https://via.placeholder.com/400/?text=ICON', '2022-03-31 05:18:34'),
(100, 48, 37.745144, -122.344883, 'Qui non ullamco magna nulla laboris proident. Mollit esse culpa dolore deserunt. Consequat culpa sit adipisicing sunt sunt eiusmod mollit.', 'https://via.placeholder.com/400/', 'https://via.placeholder.com/400/?text=ICON', '2022-02-03 09:41:45'),
(101, 24, 37.712879, -122.423225, 'Qui labore magna labore anim ea. Ad consequat aliqua dolor labore labore exercitation eu sit ad culpa. Ea nisi pariatur aliquip cupidatat eu exercitation in irure sit aliqua in magna qui.', 'https://via.placeholder.com/400/', 'https://via.placeholder.com/400/?text=ICON', '2022-01-07 07:18:23'),
(102, 24, 37.778212, -122.411175, 'Proident elit sit voluptate aute non do in consectetur labore reprehenderit. Et mollit elit quis sit elit adipisicing enim nulla. Aliqua consectetur do id ad id pariatur reprehenderit aliqua cillum veniam.', 'https://via.placeholder.com/400/', 'https://via.placeholder.com/400/?text=ICON', '2022-03-27 12:11:12'),
(103, 6, 37.753307, -122.384777, 'Anim dolore officia labore cupidatat. Ipsum aliquip est sit laboris commodo esse et sit esse nostrud veniam consequat minim esse. Exercitation deserunt veniam mollit voluptate ea ut irure sunt sunt.', 'https://via.placeholder.com/400/', 'https://via.placeholder.com/400/?text=ICON', '2022-02-26 01:26:28'),
(104, 26, 37.799952, -122.352280, 'Aliquip magna magna minim sint sint amet. Et sit aute cillum veniam non ex ea minim cillum amet veniam. Incididunt consectetur eu quis aute dolor ut occaecat.', 'https://via.placeholder.com/400/', 'https://via.placeholder.com/400/?text=ICON', '2022-03-14 03:03:33'),
(105, 9, 37.790593, -122.490257, 'Nisi officia cillum eiusmod exercitation enim qui ullamco anim consectetur. Qui eu dolor incididunt cupidatat consectetur ad nulla reprehenderit non eiusmod. Enim ipsum et dolore cillum amet irure cillum eiusmod minim.', 'https://via.placeholder.com/400/', 'https://via.placeholder.com/400/?text=ICON', '2022-01-18 04:20:02'),
(106, 26, 37.714859, -122.375569, 'Labore ex proident labore fugiat ex aliquip anim ipsum ut. Cillum id voluptate cupidatat elit Lorem nisi dolor anim cillum duis. Minim sit dolore adipisicing quis sunt est elit officia ea consequat.', 'https://via.placeholder.com/400/', 'https://via.placeholder.com/400/?text=ICON', '2022-02-01 11:41:11'),
(107, 16, 37.760302, -122.419963, 'Excepteur labore velit aliquip mollit ad culpa. Dolore ut dolore excepteur ad irure id dolor est elit proident enim. Excepteur anim aliqua adipisicing ea in officia exercitation ipsum laborum.', 'https://via.placeholder.com/400/', 'https://via.placeholder.com/400/?text=ICON', '2022-02-12 10:07:40'),
(108, 23, 37.803433, -122.345151, 'Irure velit et nostrud irure consectetur dolor ut veniam adipisicing amet. Ad consequat consectetur velit officia cupidatat deserunt aute ea duis magna. Sit consequat deserunt occaecat cillum ad.', 'https://via.placeholder.com/400/', 'https://via.placeholder.com/400/?text=ICON', '2022-02-24 02:53:22'),
(109, 48, 37.771366, -122.421840, 'Cupidatat duis pariatur laborum mollit laborum aliqua. Amet ut id exercitation tempor. Ipsum mollit anim eu ex anim pariatur cupidatat duis aliqua eu amet est et.', 'https://via.placeholder.com/400/', 'https://via.placeholder.com/400/?text=ICON', '2022-04-07 05:36:34'),
(110, 21, 37.769098, -122.474929, 'Lorem labore aliqua ipsum culpa deserunt commodo ad minim in adipisicing. Mollit ut ullamco officia laborum id. Ex consequat et sint in mollit minim incididunt eu in cillum.', 'https://via.placeholder.com/400/', 'https://via.placeholder.com/400/?text=ICON', '2022-01-28 05:08:06'),
(111, 19, 37.751747, -122.393321, 'Eiusmod sint reprehenderit officia tempor enim consequat dolore enim velit cillum occaecat. Proident amet excepteur amet enim minim nulla aliquip dolor aliquip ea adipisicing elit. Nisi deserunt ullamco commodo occaecat deserunt.', 'https://via.placeholder.com/400/', 'https://via.placeholder.com/400/?text=ICON', '2022-04-01 07:50:59'),
(112, 50, 37.718729, -122.423576, 'Reprehenderit proident voluptate minim excepteur deserunt ullamco fugiat incididunt Lorem. Ex esse ex commodo quis cillum quis mollit. Ex labore incididunt magna elit consequat anim mollit id et laborum sint.', 'https://via.placeholder.com/400/', 'https://via.placeholder.com/400/?text=ICON', '2022-01-23 07:37:08'),
(113, 5, 37.719037, -122.400302, 'Minim dolore labore minim cupidatat reprehenderit elit laboris dolore minim reprehenderit labore. Do mollit excepteur ea velit elit esse exercitation officia ea labore minim culpa deserunt sit. Aliquip ipsum adipisicing eu deserunt sint ea sit officia aliquip tempor officia eu commodo.', 'https://via.placeholder.com/400/', 'https://via.placeholder.com/400/?text=ICON', '2022-01-13 01:55:43'),
(114, 8, 37.802197, -122.375465, 'Tempor incididunt eiusmod do est qui magna sunt commodo sit do occaecat esse consequat esse. Sint aute consectetur nostrud pariatur minim enim commodo ipsum enim adipisicing est ut. Consectetur non ex commodo velit irure.', 'https://via.placeholder.com/400/', 'https://via.placeholder.com/400/?text=ICON', '2022-02-25 02:47:09'),
(115, 44, 37.720578, -122.432445, 'Ut occaecat laboris est sit eu. Nisi veniam adipisicing amet Lorem. Dolor officia eu officia Lorem exercitation quis cillum cillum consequat est fugiat velit.', 'https://via.placeholder.com/400/', 'https://via.placeholder.com/400/?text=ICON', '2022-02-15 06:27:47'),
(116, 31, 37.775970, -122.459601, 'Enim laborum minim fugiat sint cillum dolore occaecat id ad commodo officia. Amet nostrud ipsum nisi commodo dolor reprehenderit dolore. Non fugiat nisi consequat mollit nisi ullamco ad mollit ullamco qui consequat proident do ex.', 'https://via.placeholder.com/400/', 'https://via.placeholder.com/400/?text=ICON', '2022-02-02 08:54:16'),
(117, 24, 37.788066, -122.364128, 'Consectetur fugiat quis enim eu anim ea occaecat excepteur eiusmod non sint. Ex fugiat in quis elit veniam est cupidatat aute elit mollit. Anim excepteur excepteur fugiat ipsum fugiat incididunt ex laborum sunt quis commodo voluptate enim proident.', 'https://via.placeholder.com/400/', 'https://via.placeholder.com/400/?text=ICON', '2022-03-16 08:55:40'),
(118, 40, 37.789560, -122.479871, 'Aliqua ut ut ullamco aute irure aliqua dolor Lorem ad non et ullamco et. Occaecat cupidatat sint adipisicing amet mollit ad nostrud ullamco. Veniam sunt anim officia reprehenderit consectetur mollit.', 'https://via.placeholder.com/400/', 'https://via.placeholder.com/400/?text=ICON', '2022-02-15 07:09:38'),
(119, 17, 37.775622, -122.457847, 'Labore deserunt sit aliquip est aliqua eiusmod fugiat laboris pariatur eu excepteur ad nulla. Pariatur sunt minim mollit et aliquip sit ut consequat magna tempor non. Nisi officia minim aliqua tempor laboris deserunt irure esse elit sunt Lorem.', 'https://via.placeholder.com/400/', 'https://via.placeholder.com/400/?text=ICON', '2022-01-04 08:35:34'),
(120, 46, 37.736931, -122.439367, 'Elit eu ad occaecat quis in minim. Elit sit minim sit qui. Qui incididunt sint velit nulla mollit eu adipisicing aliqua ad laborum ullamco occaecat.', 'https://via.placeholder.com/400/', 'https://via.placeholder.com/400/?text=ICON', '2022-02-25 07:17:21'),
(121, 48, 37.785744, -122.340871, 'Adipisicing esse ad reprehenderit amet non incididunt laboris in aute dolor. Est dolore Lorem sit nisi id non nulla minim voluptate do consectetur. Laboris exercitation eu labore tempor ut nisi.', 'https://via.placeholder.com/400/', 'https://via.placeholder.com/400/?text=ICON', '2022-02-11 01:22:00'),
(122, 29, 37.803435, -122.383062, 'Esse occaecat voluptate dolore ipsum eiusmod exercitation nisi elit id. Deserunt laboris eiusmod deserunt fugiat veniam aliqua qui commodo nulla nisi. Aute sit aute et ut sit ipsum eiusmod non.', 'https://via.placeholder.com/400/', 'https://via.placeholder.com/400/?text=ICON', '2022-02-09 01:25:16'),
(123, 32, 37.739149, -122.375007, 'Et adipisicing nisi veniam anim incididunt ad laboris excepteur nisi in excepteur. Ipsum adipisicing commodo mollit sint id reprehenderit culpa excepteur consectetur. Tempor duis eiusmod aute deserunt elit cillum minim.', 'https://via.placeholder.com/400/', 'https://via.placeholder.com/400/?text=ICON', '2022-04-01 11:41:24'),
(124, 38, 37.765213, -122.485766, 'Tempor elit sint pariatur deserunt. Cillum non dolore in exercitation aute. Magna dolor aliqua sint irure est exercitation veniam deserunt.', 'https://via.placeholder.com/400/', 'https://via.placeholder.com/400/?text=ICON', '2022-03-26 02:12:16'),
(125, 11, 37.779577, -122.478957, 'Pariatur mollit ad mollit sit deserunt fugiat ut esse. Voluptate ex sit dolor nulla minim fugiat deserunt. Consequat irure cupidatat eiusmod cupidatat Lorem sit anim.', 'https://via.placeholder.com/400/', 'https://via.placeholder.com/400/?text=ICON', '2022-03-26 02:58:40'),
(126, 48, 37.719298, -122.349410, 'Aute consectetur qui officia incididunt reprehenderit eu. Est reprehenderit irure enim id proident labore. Excepteur esse mollit commodo laborum voluptate incididunt nulla id ullamco esse aliquip minim irure.', 'https://via.placeholder.com/400/', 'https://via.placeholder.com/400/?text=ICON', '2022-04-03 11:00:00'),
(127, 31, 37.755049, -122.494923, 'Est ipsum culpa duis aliquip cupidatat culpa ipsum ipsum pariatur cupidatat sunt eu nostrud. Tempor labore veniam incididunt amet commodo excepteur officia. Officia in tempor minim Lorem aliquip.', 'https://via.placeholder.com/400/', 'https://via.placeholder.com/400/?text=ICON', '2022-01-02 11:01:48'),
(128, 37, 37.755894, -122.400387, 'Mollit quis reprehenderit proident exercitation cillum. Laborum ad sit voluptate consectetur nostrud tempor do adipisicing aute. Reprehenderit culpa voluptate quis aute enim tempor ipsum aliquip magna culpa ea commodo.', 'https://via.placeholder.com/400/', 'https://via.placeholder.com/400/?text=ICON', '2022-01-22 01:21:26'),
(129, 26, 37.784308, -122.410224, 'Non nulla velit occaecat anim occaecat. Do ullamco fugiat occaecat amet nostrud esse dolore magna incididunt duis quis esse elit. Nisi velit duis laborum labore consequat.', 'https://via.placeholder.com/400/', 'https://via.placeholder.com/400/?text=ICON', '2022-01-19 11:12:47'),
(130, 34, 37.739086, -122.405410, 'Eu dolore aliqua quis proident id sint ullamco et occaecat. Qui eu in aliquip non est pariatur anim. Veniam ut ad voluptate tempor.', 'https://via.placeholder.com/400/', 'https://via.placeholder.com/400/?text=ICON', '2022-02-01 03:44:26'),
(131, 49, 37.796928, -122.481841, 'Labore eu ullamco nulla tempor. Aute deserunt cillum quis aute consequat esse commodo eiusmod ipsum sit mollit mollit nulla. Amet cupidatat esse aliqua do proident.', 'https://via.placeholder.com/400/', 'https://via.placeholder.com/400/?text=ICON', '2022-01-03 05:08:05'),
(132, 16, 37.754000, -122.433563, 'Lorem labore esse ea cillum non nostrud voluptate eiusmod enim pariatur ad quis. Eiusmod sit eiusmod in tempor consequat. Nisi cillum Lorem sint aute deserunt reprehenderit minim excepteur veniam quis dolor velit nulla et.', 'https://via.placeholder.com/400/', 'https://via.placeholder.com/400/?text=ICON', '2022-02-14 05:17:01'),
(133, 35, 37.786612, -122.356051, 'Cillum proident sint voluptate nisi do ullamco id mollit irure voluptate. Occaecat minim irure nostrud laborum elit non id elit laboris do ex eu incididunt minim. Anim ullamco aliquip exercitation qui consectetur deserunt sit officia voluptate proident ipsum sint nulla esse.', 'https://via.placeholder.com/400/', 'https://via.placeholder.com/400/?text=ICON', '2022-03-14 11:12:33'),
(134, 2, 37.736902, -122.420809, 'Est nisi culpa consequat ut. Nostrud amet voluptate ullamco Lorem Lorem magna est quis minim adipisicing. Deserunt est sint eu ullamco tempor aliquip et adipisicing nostrud duis proident.', 'https://via.placeholder.com/400/', 'https://via.placeholder.com/400/?text=ICON', '2022-01-29 06:53:11'),
(135, 18, 37.789460, -122.470807, 'Enim officia est excepteur labore minim magna officia. Minim tempor fugiat cupidatat ullamco nostrud consequat ullamco adipisicing sunt. Culpa do deserunt anim sint consectetur voluptate sint proident proident nostrud elit ex culpa Lorem.', 'https://via.placeholder.com/400/', 'https://via.placeholder.com/400/?text=ICON', '2022-03-15 04:33:02'),
(136, 48, 37.722904, -122.357084, 'Cupidatat elit exercitation consectetur fugiat. Esse officia anim mollit consequat ad duis. Veniam aliqua cillum occaecat reprehenderit eu nulla magna cillum reprehenderit commodo sint sint fugiat.', 'https://via.placeholder.com/400/', 'https://via.placeholder.com/400/?text=ICON', '2022-03-15 08:24:32'),
(137, 16, 37.756303, -122.371139, 'Aliqua sunt cillum et cupidatat cillum irure adipisicing qui magna in velit. Non anim ullamco cillum voluptate et proident. Do incididunt cillum sit quis officia mollit consequat commodo eiusmod ipsum mollit laborum nulla.', 'https://via.placeholder.com/400/', 'https://via.placeholder.com/400/?text=ICON', '2022-01-12 09:33:26'),
(138, 30, 37.789052, -122.394473, 'Veniam aliqua dolor est ipsum est voluptate. Tempor aliqua et quis non aliqua veniam minim tempor cupidatat consequat dolor Lorem est. Id cillum proident commodo aute occaecat ut ullamco ullamco minim.', 'https://via.placeholder.com/400/', 'https://via.placeholder.com/400/?text=ICON', '2022-01-08 07:27:58'),
(139, 34, 37.740321, -122.443997, 'Reprehenderit incididunt ullamco sunt nostrud sunt adipisicing amet tempor aute voluptate laboris irure occaecat. Pariatur id officia duis est enim veniam veniam id nostrud amet proident sint culpa magna. Amet commodo duis est officia veniam.', 'https://via.placeholder.com/400/', 'https://via.placeholder.com/400/?text=ICON', '2022-02-05 11:04:23'),
(140, 4, 37.761365, -122.438816, 'Amet non anim aliquip excepteur. Deserunt sit officia nostrud eu magna deserunt exercitation laborum ullamco. Ad esse adipisicing duis do.', 'https://via.placeholder.com/400/', 'https://via.placeholder.com/400/?text=ICON', '2022-01-13 09:23:32'),
(141, 3, 37.761953, -122.471522, 'Magna labore veniam nulla aliquip anim id fugiat ut anim cillum anim eiusmod exercitation. Aliqua incididunt adipisicing excepteur consequat pariatur ex veniam minim excepteur exercitation aliquip. Nulla sunt adipisicing do cupidatat officia magna eiusmod proident ad fugiat incididunt minim.', 'https://via.placeholder.com/400/', 'https://via.placeholder.com/400/?text=ICON', '2022-01-20 02:37:57'),
(142, 15, 37.755612, -122.456719, 'Labore quis amet incididunt irure sint adipisicing reprehenderit id est incididunt do. Ipsum ex occaecat aliqua non elit anim exercitation irure nostrud irure dolore sit cillum ut. Enim irure commodo cupidatat aliqua aliquip veniam officia dolore mollit.', 'https://via.placeholder.com/400/', 'https://via.placeholder.com/400/?text=ICON', '2022-03-02 12:34:36'),
(143, 43, 37.793743, -122.376355, 'Do est eu consequat pariatur nulla officia aliquip qui non excepteur sit enim quis. Consectetur ut aliquip consectetur fugiat esse ipsum duis. Consequat elit consectetur sit duis irure excepteur mollit duis.', 'https://via.placeholder.com/400/', 'https://via.placeholder.com/400/?text=ICON', '2022-02-20 10:01:27'),
(144, 24, 37.717669, -122.383057, 'Et consequat minim sint adipisicing. Ipsum non cillum veniam ex proident quis eiusmod Lorem laborum ea elit duis reprehenderit. Mollit est do irure nostrud esse officia.', 'https://via.placeholder.com/400/', 'https://via.placeholder.com/400/?text=ICON', '2022-02-24 10:12:30'),
(145, 41, 37.757441, -122.421909, 'Ipsum nostrud consectetur aute Lorem officia enim dolore cupidatat Lorem minim cillum nostrud adipisicing. Magna adipisicing aliqua excepteur laborum laboris duis exercitation nulla quis fugiat. Pariatur dolore occaecat anim ipsum eiusmod minim culpa eiusmod ex tempor duis est.', 'https://via.placeholder.com/400/', 'https://via.placeholder.com/400/?text=ICON', '2022-01-06 03:41:00'),
(146, 19, 37.740552, -122.360274, 'Officia laborum sint ut culpa mollit mollit amet. Lorem dolor et voluptate anim Lorem irure amet. Lorem elit exercitation ea aute ipsum ad magna consectetur dolore eu ullamco fugiat.', 'https://via.placeholder.com/400/', 'https://via.placeholder.com/400/?text=ICON', '2022-01-15 04:25:55');
INSERT INTO `track_20224_locations` (`id`, `animal_id`, `lat`, `lng`, `description`, `photo`, `icon`, `date_create`) VALUES
(147, 40, 37.767660, -122.361065, 'Incididunt dolor dolore non sunt deserunt. Elit elit sint sunt eiusmod est proident amet quis consectetur veniam. Laboris nulla cupidatat esse elit enim minim irure aliqua aliqua incididunt cupidatat occaecat.', 'https://via.placeholder.com/400/', 'https://via.placeholder.com/400/?text=ICON', '2022-02-08 05:24:20'),
(148, 23, 37.783390, -122.436668, 'Veniam commodo consequat nostrud voluptate amet. Reprehenderit pariatur amet ex proident ipsum. Voluptate anim minim ad eiusmod nisi do quis Lorem dolore anim esse laborum.', 'https://via.placeholder.com/400/', 'https://via.placeholder.com/400/?text=ICON', '2022-01-26 08:37:17'),
(149, 10, 37.794772, -122.441317, 'Do ut sit anim irure non fugiat ex elit do dolore non. Eu labore nostrud voluptate non occaecat ad culpa tempor aute mollit esse ipsum. Eiusmod dolor aliqua et fugiat.', 'https://via.placeholder.com/400/', 'https://via.placeholder.com/400/?text=ICON', '2022-04-01 12:42:48'),
(150, 20, 37.737323, -122.494789, 'Culpa sunt mollit sint fugiat Lorem dolor. Ad minim eiusmod occaecat mollit nulla nostrud adipisicing laboris esse. Ut excepteur et nulla deserunt nostrud enim.', 'https://via.placeholder.com/400/', 'https://via.placeholder.com/400/?text=ICON', '2022-01-24 09:38:46'),
(151, 34, 37.788806, -122.484713, 'Non anim dolore dolore aliquip aute Lorem fugiat do cillum sint. Nisi aliquip mollit minim commodo in dolore ipsum consectetur deserunt cupidatat irure et. In consectetur aliquip fugiat magna dolor deserunt laboris aliqua dolore ea excepteur labore.', 'https://via.placeholder.com/400/', 'https://via.placeholder.com/400/?text=ICON', '2022-02-12 01:34:14'),
(152, 3, 37.778339, -122.447028, 'Qui amet est laboris laboris anim. Deserunt exercitation irure officia magna occaecat aute consectetur pariatur minim in. Anim voluptate duis irure ullamco consequat enim quis incididunt.', 'https://via.placeholder.com/400/', 'https://via.placeholder.com/400/?text=ICON', '2022-02-15 01:43:23'),
(153, 33, 37.802715, -122.504985, 'Ad voluptate adipisicing incididunt sit laboris reprehenderit quis cupidatat quis velit ut Lorem est. Do qui esse laborum adipisicing in voluptate irure dolor. Elit non dolore eiusmod tempor pariatur adipisicing.', 'https://via.placeholder.com/400/', 'https://via.placeholder.com/400/?text=ICON', '2022-03-31 04:24:21'),
(154, 3, 37.774996, -122.387301, 'Irure exercitation aliqua aliqua incididunt culpa minim dolor qui veniam exercitation. Voluptate cillum voluptate ullamco adipisicing mollit fugiat exercitation est elit occaecat exercitation nostrud ut irure. Esse excepteur do culpa irure esse quis elit excepteur eiusmod qui Lorem.', 'https://via.placeholder.com/400/', 'https://via.placeholder.com/400/?text=ICON', '2022-01-31 03:36:04'),
(155, 27, 37.796041, -122.377814, 'Fugiat occaecat reprehenderit cillum incididunt sint enim culpa irure ea exercitation. Esse adipisicing proident quis velit culpa veniam exercitation exercitation id. Cillum ipsum amet qui sit reprehenderit est.', 'https://via.placeholder.com/400/', 'https://via.placeholder.com/400/?text=ICON', '2022-03-31 05:02:24'),
(156, 47, 37.745904, -122.467360, 'Anim esse qui duis et Lorem nostrud Lorem sit consectetur aliquip. Excepteur non velit consectetur ut deserunt nulla veniam id reprehenderit voluptate. Voluptate in et labore Lorem esse consequat nisi pariatur dolor laboris.', 'https://via.placeholder.com/400/', 'https://via.placeholder.com/400/?text=ICON', '2022-03-12 02:49:02'),
(157, 48, 37.755349, -122.450567, 'Sunt reprehenderit cillum eiusmod non aute ea ea incididunt adipisicing nulla nisi laboris nisi. Est voluptate et Lorem in ex veniam occaecat nisi magna dolor deserunt adipisicing nisi. Dolore magna eu velit anim anim adipisicing dolore exercitation pariatur dolore.', 'https://via.placeholder.com/400/', 'https://via.placeholder.com/400/?text=ICON', '2022-03-23 05:33:09'),
(158, 8, 37.780343, -122.355767, 'Tempor exercitation velit magna excepteur ex magna aliqua qui aliqua irure officia qui sunt aliquip. Eu mollit aliquip dolor sint qui deserunt qui pariatur consequat nisi nulla. Reprehenderit irure commodo ut ipsum incididunt anim anim.', 'https://via.placeholder.com/400/', 'https://via.placeholder.com/400/?text=ICON', '2022-02-01 12:37:58'),
(159, 30, 37.787534, -122.345976, 'Cupidatat veniam proident eiusmod velit fugiat. Aute deserunt reprehenderit consequat exercitation mollit officia nulla culpa nostrud ex nostrud. Commodo exercitation fugiat minim officia et irure.', 'https://via.placeholder.com/400/', 'https://via.placeholder.com/400/?text=ICON', '2022-03-14 11:05:07'),
(160, 13, 37.764289, -122.357664, 'Fugiat duis id aliquip ea esse labore nostrud sit cillum. Incididunt Lorem sint voluptate consequat aliquip consequat sint Lorem. Eu esse velit non excepteur est.', 'https://via.placeholder.com/400/', 'https://via.placeholder.com/400/?text=ICON', '2022-03-24 12:39:25'),
(161, 28, 37.765501, -122.450310, 'Cupidatat commodo irure laboris adipisicing ut. Nulla dolor sint deserunt irure nisi ullamco adipisicing velit excepteur. Esse eiusmod cupidatat mollit non dolore ipsum excepteur.', 'https://via.placeholder.com/400/', 'https://via.placeholder.com/400/?text=ICON', '2022-01-18 05:39:46'),
(162, 48, 37.724008, -122.343817, 'Nostrud duis laborum magna laborum sit cillum est eiusmod elit aliqua eiusmod. Deserunt aute commodo do ea veniam reprehenderit incididunt reprehenderit irure ut cillum elit. Excepteur deserunt officia occaecat cillum.', 'https://via.placeholder.com/400/', 'https://via.placeholder.com/400/?text=ICON', '2022-02-09 04:38:17'),
(163, 27, 37.762212, -122.412330, 'Adipisicing ut amet amet sint nisi cupidatat. Laborum aliquip anim dolore quis nisi culpa do consequat in magna commodo. Veniam in aliqua ea excepteur qui.', 'https://via.placeholder.com/400/', 'https://via.placeholder.com/400/?text=ICON', '2022-01-25 04:01:39'),
(164, 12, 37.780838, -122.445189, 'Ex magna veniam ad adipisicing nulla et et magna. Veniam exercitation dolor cupidatat aliqua aute quis ea veniam irure sunt. Elit laboris dolor consectetur qui nulla ex nostrud proident in id ad aliqua irure.', 'https://via.placeholder.com/400/', 'https://via.placeholder.com/400/?text=ICON', '2022-03-29 05:14:43'),
(165, 38, 37.786914, -122.432062, 'Enim labore fugiat pariatur sint id anim culpa incididunt sint nisi. Reprehenderit incididunt incididunt ipsum consectetur aliquip Lorem adipisicing dolor ullamco duis nostrud sit. Aliquip officia dolore aliquip adipisicing sit.', 'https://via.placeholder.com/400/', 'https://via.placeholder.com/400/?text=ICON', '2022-03-20 09:49:16'),
(166, 31, 37.775779, -122.430835, 'Reprehenderit ipsum id cillum amet reprehenderit officia veniam occaecat consectetur aliqua est. Veniam tempor do dolor et. Labore minim quis qui nostrud exercitation elit sit aute ullamco in labore.', 'https://via.placeholder.com/400/', 'https://via.placeholder.com/400/?text=ICON', '2022-02-27 02:46:43'),
(167, 31, 37.755438, -122.504260, 'Velit mollit ut amet commodo nisi duis adipisicing. Dolore qui sint Lorem eiusmod est nulla. Proident ad adipisicing consectetur cupidatat sunt pariatur do.', 'https://via.placeholder.com/400/', 'https://via.placeholder.com/400/?text=ICON', '2022-02-27 05:24:29'),
(168, 13, 37.747065, -122.374115, 'Sint esse amet ea eu sint velit incididunt ullamco. Enim voluptate Lorem ea labore veniam et. In ipsum fugiat consequat ut cupidatat incididunt.', 'https://via.placeholder.com/400/', 'https://via.placeholder.com/400/?text=ICON', '2022-02-15 01:53:05'),
(169, 35, 37.746180, -122.383492, 'Fugiat cillum do Lorem amet magna Lorem ipsum pariatur aliqua aliqua tempor eu elit. Excepteur mollit veniam cillum eu eiusmod laborum magna minim dolore cupidatat nisi anim nulla culpa. Tempor eiusmod aliquip minim nulla occaecat ad dolor in consequat ullamco elit eu.', 'https://via.placeholder.com/400/', 'https://via.placeholder.com/400/?text=ICON', '2022-01-18 04:41:41'),
(170, 6, 37.781610, -122.368950, 'Quis mollit excepteur pariatur fugiat esse aute aute reprehenderit aute non sint laboris. Quis sunt et reprehenderit fugiat eu voluptate nisi quis deserunt id laboris eiusmod consectetur nisi. Aliquip eu culpa ea officia fugiat laboris magna voluptate Lorem elit.', 'https://via.placeholder.com/400/', 'https://via.placeholder.com/400/?text=ICON', '2022-02-17 05:19:30'),
(171, 17, 37.712815, -122.363957, 'Eiusmod et laboris adipisicing cillum qui occaecat occaecat exercitation ex anim. Dolore elit incididunt ut deserunt commodo magna ullamco esse ad sit. Aliquip anim ad incididunt aute exercitation velit.', 'https://via.placeholder.com/400/', 'https://via.placeholder.com/400/?text=ICON', '2022-03-31 02:06:26'),
(172, 41, 37.796333, -122.384062, 'Quis voluptate in pariatur culpa ut et sint sunt. Et pariatur velit exercitation proident nostrud voluptate. Ea ex do elit sunt consequat eiusmod.', 'https://via.placeholder.com/400/', 'https://via.placeholder.com/400/?text=ICON', '2022-01-21 08:44:42'),
(173, 38, 37.772984, -122.380189, 'Dolor fugiat cillum incididunt est non proident qui cillum dolore exercitation. Voluptate aute adipisicing dolor et. Aliqua eiusmod tempor velit velit dolor cillum laborum.', 'https://via.placeholder.com/400/', 'https://via.placeholder.com/400/?text=ICON', '2022-03-04 11:20:02'),
(174, 42, 37.742358, -122.391054, 'Nisi pariatur culpa eiusmod officia non pariatur commodo exercitation mollit deserunt. Ad est officia veniam ipsum veniam nostrud nulla incididunt aliqua ea eu et. Eiusmod enim do duis laboris qui minim nisi culpa.', 'https://via.placeholder.com/400/', 'https://via.placeholder.com/400/?text=ICON', '2022-04-06 12:39:45'),
(175, 40, 37.786283, -122.485737, 'Sunt magna et excepteur exercitation ipsum incididunt cupidatat do qui. Quis minim aliquip labore nulla enim occaecat sunt consequat eu. Dolor cupidatat sit duis deserunt cillum tempor exercitation commodo in ea irure exercitation voluptate anim.', 'https://via.placeholder.com/400/', 'https://via.placeholder.com/400/?text=ICON', '2022-03-03 02:27:09'),
(176, 14, 37.751821, -122.358108, 'Ullamco officia ipsum culpa et id nisi do exercitation et minim qui excepteur fugiat. Nostrud nisi irure officia ea et ipsum irure nostrud dolor duis dolor nulla id do. Pariatur sit consectetur Lorem proident.', 'https://via.placeholder.com/400/', 'https://via.placeholder.com/400/?text=ICON', '2022-01-25 03:47:49'),
(177, 37, 37.795439, -122.416311, 'Voluptate aliqua esse sint quis. Adipisicing ad laboris nisi est pariatur deserunt occaecat elit enim reprehenderit non do incididunt. Excepteur ipsum aute anim nisi esse cillum ex dolor sint excepteur ea.', 'https://via.placeholder.com/400/', 'https://via.placeholder.com/400/?text=ICON', '2022-03-05 09:11:33'),
(178, 45, 37.789433, -122.415059, 'Officia esse esse occaecat aute dolor do voluptate sunt amet incididunt amet sit irure. Amet excepteur in excepteur ipsum voluptate duis ea reprehenderit adipisicing elit aliqua elit culpa. Tempor proident consectetur duis ad consectetur duis labore nisi ut.', 'https://via.placeholder.com/400/', 'https://via.placeholder.com/400/?text=ICON', '2022-03-17 10:10:08'),
(179, 16, 37.777755, -122.452779, 'Ex sint ut eu cillum eu pariatur veniam consectetur. Consectetur minim esse sit exercitation fugiat. Aliquip ullamco in fugiat veniam ad adipisicing sint et sunt aliqua laborum quis.', 'https://via.placeholder.com/400/', 'https://via.placeholder.com/400/?text=ICON', '2022-02-17 12:25:35'),
(180, 19, 37.773397, -122.413442, 'Sunt ullamco proident ea sunt ipsum culpa proident aute officia Lorem veniam et. Consequat ex Lorem veniam veniam ipsum deserunt amet fugiat ipsum est minim eiusmod. Irure magna do ullamco commodo incididunt aute nulla.', 'https://via.placeholder.com/400/', 'https://via.placeholder.com/400/?text=ICON', '2022-01-20 12:51:36'),
(181, 1, 37.783314, -122.413922, 'Quis occaecat nostrud pariatur irure elit Lorem. Sit aute do ad Lorem culpa occaecat aliqua officia irure officia proident sunt. Anim sint est in laboris sit quis nisi consequat enim aute do aliquip proident.', 'https://via.placeholder.com/400/', 'https://via.placeholder.com/400/?text=ICON', '2022-03-14 05:33:55'),
(182, 22, 37.791428, -122.487008, 'Ullamco ipsum eu aliqua anim laboris qui ipsum aute cupidatat. Aute pariatur anim fugiat quis ad Lorem consectetur fugiat. Esse cupidatat esse duis est minim tempor pariatur cillum aliqua ipsum.', 'https://via.placeholder.com/400/', 'https://via.placeholder.com/400/?text=ICON', '2022-03-14 09:53:13'),
(183, 41, 37.795534, -122.466746, 'Veniam incididunt mollit aliquip aute nostrud tempor ex proident consectetur. Sit voluptate excepteur ea officia minim minim aliqua amet laborum tempor occaecat ipsum deserunt do. Tempor reprehenderit occaecat esse et enim ullamco laborum.', 'https://via.placeholder.com/400/', 'https://via.placeholder.com/400/?text=ICON', '2022-03-24 06:35:33'),
(184, 13, 37.764235, -122.362970, 'Sunt ut eu non enim. Nisi nisi excepteur magna voluptate. Duis fugiat consequat sunt aliquip sunt adipisicing cillum non exercitation occaecat cupidatat id.', 'https://via.placeholder.com/400/', 'https://via.placeholder.com/400/?text=ICON', '2022-03-11 05:20:33'),
(185, 43, 37.765392, -122.456286, 'Aliqua reprehenderit est incididunt adipisicing. Lorem quis aliqua aliqua anim et duis culpa excepteur aliqua dolore incididunt reprehenderit. Eu duis eu nostrud id nulla quis laborum velit aute amet laboris esse dolor.', 'https://via.placeholder.com/400/', 'https://via.placeholder.com/400/?text=ICON', '2022-02-02 05:15:10'),
(186, 21, 37.737695, -122.360995, 'Incididunt nulla labore enim do ex sunt non eu dolore eu sit adipisicing. Incididunt qui eu laborum nulla amet laborum consectetur Lorem. Laboris fugiat laboris nisi ullamco ea anim ipsum ut aliqua eiusmod ipsum ex.', 'https://via.placeholder.com/400/', 'https://via.placeholder.com/400/?text=ICON', '2022-02-21 02:24:48'),
(187, 42, 37.743265, -122.492160, 'Ut sunt velit incididunt consequat incididunt adipisicing sint. Proident in dolor ad ex esse ea. Magna laborum Lorem proident reprehenderit dolor.', 'https://via.placeholder.com/400/', 'https://via.placeholder.com/400/?text=ICON', '2022-03-17 02:56:52'),
(188, 1, 37.724423, -122.365262, 'Irure ex non officia ipsum amet quis cillum reprehenderit officia officia laboris magna consequat esse. Reprehenderit nostrud voluptate labore irure fugiat eu consequat eu nostrud dolor aliqua ea occaecat aliqua. Do laboris labore culpa officia nisi.', 'https://via.placeholder.com/400/', 'https://via.placeholder.com/400/?text=ICON', '2022-03-28 08:12:34'),
(189, 12, 37.746271, -122.404009, 'Excepteur id ea veniam reprehenderit eiusmod minim commodo excepteur culpa exercitation aliqua mollit sint. Ad in eu aliquip culpa. Est tempor amet veniam veniam officia tempor ex sint commodo ipsum non consequat anim.', 'https://via.placeholder.com/400/', 'https://via.placeholder.com/400/?text=ICON', '2022-02-21 10:20:07'),
(190, 11, 37.718785, -122.469763, 'Proident ipsum enim ad anim eiusmod. Anim Lorem eiusmod non labore officia quis ad officia dolor. Qui duis dolore minim mollit officia pariatur sint cillum sint pariatur occaecat adipisicing aliqua duis.', 'https://via.placeholder.com/400/', 'https://via.placeholder.com/400/?text=ICON', '2022-03-06 07:57:43'),
(191, 32, 37.771508, -122.431915, 'Aute ex cupidatat amet sint veniam sunt exercitation voluptate excepteur sunt eu incididunt aliqua. Enim dolor dolore reprehenderit non duis occaecat sint labore cupidatat deserunt dolor ea do laboris. Nostrud adipisicing qui cupidatat velit reprehenderit elit incididunt ipsum pariatur nulla ex laborum consectetur Lorem.', 'https://via.placeholder.com/400/', 'https://via.placeholder.com/400/?text=ICON', '2022-02-27 06:35:38'),
(192, 41, 37.798850, -122.481025, 'Elit esse veniam laborum aliqua commodo et amet est dolor excepteur. Eu laboris veniam sit incididunt anim dolor ex amet anim minim proident. Tempor ea ullamco proident officia sint et anim.', 'https://via.placeholder.com/400/', 'https://via.placeholder.com/400/?text=ICON', '2022-02-17 05:10:00'),
(193, 29, 37.755175, -122.366482, 'Et enim consequat commodo incididunt. Reprehenderit nisi exercitation sint enim enim nostrud aliqua id nostrud anim ut ex duis. Consequat irure velit aute cupidatat eu labore pariatur.', 'https://via.placeholder.com/400/', 'https://via.placeholder.com/400/?text=ICON', '2022-03-07 09:38:15'),
(194, 3, 37.755941, -122.371920, 'Reprehenderit ullamco deserunt sit est exercitation occaecat ut velit. Tempor aliqua do eu voluptate pariatur. Sint mollit aliqua reprehenderit adipisicing magna ea sint do magna.', 'https://via.placeholder.com/400/', 'https://via.placeholder.com/400/?text=ICON', '2022-04-07 11:37:05'),
(195, 12, 37.772134, -122.385752, 'Incididunt anim labore amet voluptate ullamco culpa eiusmod qui. Culpa id labore fugiat aliquip commodo fugiat consequat. Ipsum enim veniam nostrud consectetur aliquip occaecat in aute.', 'https://via.placeholder.com/400/', 'https://via.placeholder.com/400/?text=ICON', '2022-02-15 10:54:09'),
(196, 38, 37.797678, -122.348464, 'Ea minim aliqua exercitation magna cupidatat. Pariatur magna veniam labore mollit laboris labore. Voluptate qui enim aliquip elit laboris.', 'https://via.placeholder.com/400/', 'https://via.placeholder.com/400/?text=ICON', '2022-01-12 07:56:15'),
(197, 6, 37.765861, -122.369134, 'Aute sint enim cillum quis. Occaecat consequat in eu ea voluptate eiusmod quis. Anim sunt tempor minim sint enim nisi magna voluptate occaecat id consectetur.', 'https://via.placeholder.com/400/', 'https://via.placeholder.com/400/?text=ICON', '2022-03-25 08:32:00'),
(198, 13, 37.785810, -122.501255, 'Enim in do consectetur sit amet esse fugiat proident occaecat aliquip commodo nostrud officia et. Quis enim reprehenderit eu anim non qui occaecat laboris. Quis deserunt fugiat deserunt laboris veniam exercitation ad amet nostrud.', 'https://via.placeholder.com/400/', 'https://via.placeholder.com/400/?text=ICON', '2022-02-03 02:40:57'),
(199, 5, 37.782278, -122.453367, 'Sit ea elit aliquip officia mollit reprehenderit aliquip exercitation pariatur sint occaecat nostrud amet quis. Ipsum ut magna commodo velit excepteur incididunt consequat magna proident in dolor sunt velit officia. Minim cupidatat ex nostrud esse deserunt ex non ea et est eu dolore commodo minim.', 'https://via.placeholder.com/400/', 'https://via.placeholder.com/400/?text=ICON', '2022-03-09 06:23:59'),
(200, 4, 37.723841, -122.393761, 'Irure pariatur do Lorem in ad consectetur ex. Veniam eu qui sunt voluptate veniam adipisicing consectetur do do anim. Deserunt excepteur voluptate incididunt sint do cupidatat nostrud est.', 'https://via.placeholder.com/400/', 'https://via.placeholder.com/400/?text=ICON', '2022-03-31 01:54:13'),
(201, 4, 37.768893, -122.368788, 'Id aliquip elit irure magna. Tempor adipisicing officia ad excepteur reprehenderit commodo sint do. Mollit fugiat excepteur culpa est adipisicing eiusmod consectetur sunt occaecat ad.', 'https://via.placeholder.com/400/', 'https://via.placeholder.com/400/?text=ICON', '2022-01-30 11:16:51'),
(202, 50, 37.756651, -122.351686, 'Officia eu sunt id nostrud eiusmod. Sint quis consectetur proident cupidatat. Deserunt consequat velit est enim elit.', 'https://via.placeholder.com/400/', 'https://via.placeholder.com/400/?text=ICON', '2022-01-24 05:18:46'),
(203, 5, 37.715151, -122.389250, 'Labore ex veniam labore aute. Laborum incididunt aliquip et in ad est. Ipsum ipsum minim excepteur officia cillum anim culpa nostrud.', 'https://via.placeholder.com/400/', 'https://via.placeholder.com/400/?text=ICON', '2022-01-19 07:25:58'),
(204, 11, 37.729838, -122.390799, 'Cupidatat non elit proident velit aliqua fugiat veniam minim nisi sunt pariatur. Proident et mollit eiusmod commodo amet nisi occaecat duis ex proident. Ad adipisicing commodo cupidatat cupidatat amet do laborum proident.', 'https://via.placeholder.com/400/', 'https://via.placeholder.com/400/?text=ICON', '2022-03-14 11:59:43'),
(205, 13, 37.736866, -122.450905, 'Eu aliquip non proident mollit ut deserunt officia. Id dolore aliquip tempor nisi cupidatat in ex velit laborum ut nisi. Qui quis fugiat enim nisi ad.', 'https://via.placeholder.com/400/', 'https://via.placeholder.com/400/?text=ICON', '2022-01-27 08:35:32'),
(206, 22, 37.734377, -122.486717, 'Aliquip enim esse officia enim laborum ex. Nostrud id eiusmod est ipsum mollit exercitation cillum nulla qui ut anim deserunt. Ad tempor laboris qui commodo laboris.', 'https://via.placeholder.com/400/', 'https://via.placeholder.com/400/?text=ICON', '2022-03-05 04:11:20'),
(207, 50, 37.789949, -122.342272, 'Eiusmod sit sint do esse aute cupidatat culpa nisi nostrud ea in ea ullamco in. Occaecat aliquip minim cupidatat qui cillum aliqua cillum aliquip qui aliqua officia non nisi ut. Ea incididunt veniam ad cillum non culpa dolore excepteur velit.', 'https://via.placeholder.com/400/', 'https://via.placeholder.com/400/?text=ICON', '2022-02-07 04:27:23'),
(208, 4, 37.711488, -122.446824, 'Dolor velit cupidatat labore irure ex dolor eu in duis elit enim nisi ullamco. Mollit amet nisi ullamco exercitation excepteur magna nulla non adipisicing esse ullamco excepteur magna consequat. Commodo sit exercitation cupidatat incididunt excepteur adipisicing exercitation laboris ea sint.', 'https://via.placeholder.com/400/', 'https://via.placeholder.com/400/?text=ICON', '2022-03-01 08:40:31'),
(209, 5, 37.769121, -122.455835, 'Duis irure duis enim duis incididunt irure eu consectetur voluptate ut Lorem. In culpa adipisicing culpa non consectetur id quis sint incididunt sunt Lorem anim cillum proident. In adipisicing aliquip minim reprehenderit aliqua anim voluptate anim exercitation.', 'https://via.placeholder.com/400/', 'https://via.placeholder.com/400/?text=ICON', '2022-01-31 08:00:35'),
(210, 3, 37.760252, -122.388127, 'Id amet velit aute laboris id deserunt consequat sint minim adipisicing magna fugiat. Eiusmod irure mollit ut nostrud adipisicing. Est elit cillum nisi culpa ipsum.', 'https://via.placeholder.com/400/', 'https://via.placeholder.com/400/?text=ICON', '2022-01-05 04:35:45'),
(211, 2, 37.802596, -122.389994, 'Aliqua cupidatat dolor tempor et nostrud eiusmod ullamco. Ullamco qui elit cillum do fugiat laboris labore ea. Sunt laborum commodo excepteur voluptate.', 'https://via.placeholder.com/400/', 'https://via.placeholder.com/400/?text=ICON', '2022-03-18 02:53:34'),
(212, 19, 37.743661, -122.381023, 'Voluptate id eu occaecat exercitation anim enim aliqua magna. Sint exercitation voluptate anim mollit esse ipsum quis. Voluptate cillum qui et ad.', 'https://via.placeholder.com/400/', 'https://via.placeholder.com/400/?text=ICON', '2022-03-11 01:17:28'),
(213, 40, 37.779781, -122.393572, 'Consequat nisi magna eu anim dolore dolore esse amet incididunt. Consectetur elit excepteur consectetur id esse occaecat Lorem sunt qui cupidatat nulla. Tempor quis in pariatur exercitation commodo deserunt quis magna ipsum aliqua irure.', 'https://via.placeholder.com/400/', 'https://via.placeholder.com/400/?text=ICON', '2022-01-15 08:53:50'),
(214, 31, 37.750806, -122.419783, 'Sunt culpa quis in duis deserunt dolore. Excepteur laboris commodo laboris dolor officia in dolor irure. Incididunt dolore amet sunt aliqua consequat nisi ad enim laborum reprehenderit.', 'https://via.placeholder.com/400/', 'https://via.placeholder.com/400/?text=ICON', '2022-04-06 07:28:38'),
(215, 21, 37.801895, -122.377245, 'Consequat dolor minim fugiat labore eiusmod sint officia do deserunt. Elit sit exercitation ad dolor esse nisi sit voluptate in consectetur nostrud aliqua. Esse voluptate anim culpa sunt nulla reprehenderit.', 'https://via.placeholder.com/400/', 'https://via.placeholder.com/400/?text=ICON', '2022-03-07 10:06:26'),
(216, 28, 37.730127, -122.505046, 'Nostrud laboris adipisicing labore ea excepteur ullamco nulla ullamco excepteur. Dolor laborum consequat quis aliquip deserunt. Velit magna in nisi aliquip occaecat.', 'https://via.placeholder.com/400/', 'https://via.placeholder.com/400/?text=ICON', '2022-03-08 11:57:28'),
(217, 7, 37.797464, -122.377205, 'Consectetur in duis velit laborum tempor ullamco duis dolore ex duis voluptate esse labore. Proident ex commodo laboris sunt duis consectetur minim amet do. Sint fugiat mollit non quis sit eu mollit non minim laboris tempor.', 'https://via.placeholder.com/400/', 'https://via.placeholder.com/400/?text=ICON', '2022-03-30 08:39:24'),
(218, 15, 37.764599, -122.452169, 'Esse voluptate incididunt sit proident enim aliqua eiusmod irure minim laboris aute irure nostrud. Irure consectetur qui ut minim do tempor anim voluptate reprehenderit qui anim laboris consectetur. Laboris pariatur nulla enim officia non velit laboris.', 'https://via.placeholder.com/400/', 'https://via.placeholder.com/400/?text=ICON', '2022-04-03 09:37:39'),
(219, 14, 37.803574, -122.383975, 'Et anim minim in do excepteur nostrud id. Ullamco minim non enim mollit quis cillum anim. Exercitation magna aliqua elit reprehenderit enim laborum quis ex nostrud.', 'https://via.placeholder.com/400/', 'https://via.placeholder.com/400/?text=ICON', '2022-02-17 04:49:43'),
(220, 3, 37.799353, -122.401277, 'Nisi tempor adipisicing consequat pariatur laboris in id sit ut nisi dolore minim. Mollit ea adipisicing quis consectetur eu proident amet incididunt cillum exercitation consectetur sunt. Excepteur magna magna est Lorem fugiat et aliqua quis culpa in et ea adipisicing ad.', 'https://via.placeholder.com/400/', 'https://via.placeholder.com/400/?text=ICON', '2022-02-21 04:48:46'),
(221, 50, 37.782345, -122.431790, 'Excepteur aliqua anim ullamco laborum duis aliquip labore. Sunt ipsum nostrud qui mollit do ut ipsum. Ullamco est anim est cupidatat tempor ut commodo aute laborum nulla magna consectetur.', 'https://via.placeholder.com/400/', 'https://via.placeholder.com/400/?text=ICON', '2022-01-01 10:54:04'),
(222, 9, 37.735798, -122.474992, 'Ex esse incididunt deserunt duis nisi aute. Tempor excepteur deserunt quis elit duis dolore Lorem excepteur. Adipisicing adipisicing ipsum excepteur ea cupidatat laborum.', 'https://via.placeholder.com/400/', 'https://via.placeholder.com/400/?text=ICON', '2022-03-26 03:21:39'),
(223, 50, 37.711742, -122.364032, 'Irure sint pariatur sint sint incididunt. Aliqua ad consectetur sunt veniam deserunt aliqua quis occaecat laboris. Laborum dolore adipisicing cupidatat elit sunt occaecat et enim.', 'https://via.placeholder.com/400/', 'https://via.placeholder.com/400/?text=ICON', '2022-01-16 04:03:08'),
(224, 17, 37.783365, -122.505586, 'Deserunt velit nulla incididunt laboris reprehenderit. Cillum aliquip labore Lorem nostrud qui eu qui enim cupidatat id et ex. Mollit eiusmod et ex do et occaecat Lorem laborum adipisicing.', 'https://via.placeholder.com/400/', 'https://via.placeholder.com/400/?text=ICON', '2022-02-19 02:59:39'),
(225, 50, 37.713138, -122.402327, 'Enim nulla velit laborum irure fugiat anim exercitation incididunt labore ut. Ex anim laborum nulla occaecat officia officia laboris quis fugiat dolore ullamco. Est est tempor non duis irure consectetur pariatur excepteur fugiat do sint anim tempor enim.', 'https://via.placeholder.com/400/', 'https://via.placeholder.com/400/?text=ICON', '2022-01-13 05:25:56'),
(226, 20, 37.729991, -122.344323, 'Dolore veniam in veniam mollit nulla ipsum tempor adipisicing dolor proident labore anim labore. Reprehenderit culpa dolore aliquip proident ex id non sunt. Enim consequat labore nulla sint fugiat velit quis et.', 'https://via.placeholder.com/400/', 'https://via.placeholder.com/400/?text=ICON', '2022-01-10 09:18:16'),
(227, 30, 37.748578, -122.362860, 'Adipisicing cupidatat ad pariatur non nisi officia nisi culpa. Irure laborum sint laborum ullamco cillum ex occaecat ex laborum. Cupidatat fugiat anim anim ea cillum ullamco aute tempor velit veniam adipisicing occaecat adipisicing adipisicing.', 'https://via.placeholder.com/400/', 'https://via.placeholder.com/400/?text=ICON', '2022-02-16 05:53:58'),
(228, 16, 37.738323, -122.399308, 'Mollit nostrud ut excepteur aute quis veniam cillum reprehenderit non irure nulla commodo sit. Deserunt labore dolor tempor pariatur et veniam deserunt reprehenderit et aute anim. Est reprehenderit exercitation incididunt laboris cupidatat veniam.', 'https://via.placeholder.com/400/', 'https://via.placeholder.com/400/?text=ICON', '2022-02-25 11:45:44'),
(229, 42, 37.731057, -122.456723, 'Voluptate ea veniam eu fugiat laborum. Dolor adipisicing cillum amet culpa dolore mollit nostrud qui non. Mollit occaecat cillum deserunt minim magna in labore.', 'https://via.placeholder.com/400/', 'https://via.placeholder.com/400/?text=ICON', '2022-02-07 06:41:47'),
(230, 38, 37.784334, -122.454840, 'Esse eiusmod et exercitation exercitation voluptate irure eu aliquip velit. Sit consectetur consequat nulla sint mollit sint ea tempor labore. Commodo mollit consequat est Lorem aliquip enim nostrud aliquip cillum ad.', 'https://via.placeholder.com/400/', 'https://via.placeholder.com/400/?text=ICON', '2022-03-01 05:04:06'),
(231, 42, 37.726013, -122.495336, 'Mollit Lorem commodo reprehenderit labore occaecat occaecat duis dolor irure nisi ex minim ex consequat. Eiusmod nostrud commodo nulla in aliquip nulla labore. Lorem do irure do aliqua fugiat occaecat fugiat consequat sit nisi.', 'https://via.placeholder.com/400/', 'https://via.placeholder.com/400/?text=ICON', '2022-04-02 01:40:40'),
(232, 13, 37.754293, -122.401584, 'Minim eu elit mollit pariatur ex officia esse. Non commodo nisi commodo exercitation ullamco occaecat enim dolor reprehenderit anim sint dolore. Proident velit adipisicing minim consectetur incididunt veniam fugiat.', 'https://via.placeholder.com/400/', 'https://via.placeholder.com/400/?text=ICON', '2022-02-16 05:53:49'),
(233, 41, 37.714247, -122.448444, 'Do aute dolor cupidatat non excepteur dolor incididunt. Et quis quis ad ut nisi cupidatat magna officia proident labore et consectetur. Cupidatat tempor minim nostrud consectetur ipsum.', 'https://via.placeholder.com/400/', 'https://via.placeholder.com/400/?text=ICON', '2022-03-10 06:51:37'),
(234, 31, 37.719800, -122.384524, 'Aliqua esse magna voluptate ipsum reprehenderit eiusmod nostrud dolore irure magna veniam excepteur non. Voluptate occaecat proident anim ea ex ipsum cupidatat Lorem. Ea proident voluptate mollit ad anim deserunt nulla aliqua irure.', 'https://via.placeholder.com/400/', 'https://via.placeholder.com/400/?text=ICON', '2022-03-04 06:06:19'),
(235, 44, 37.764137, -122.368978, 'In est in et non cupidatat velit magna irure veniam veniam eu voluptate. Pariatur nulla sit in in nisi eiusmod. Laborum pariatur qui officia dolor amet culpa mollit anim reprehenderit officia aute officia esse velit.', 'https://via.placeholder.com/400/', 'https://via.placeholder.com/400/?text=ICON', '2022-02-27 05:11:41'),
(236, 13, 37.748505, -122.423917, 'Reprehenderit id adipisicing cillum et nisi culpa. Consequat qui ex eiusmod eiusmod adipisicing. Aute aliqua qui consequat cupidatat ullamco culpa enim quis esse ipsum consequat qui esse.', 'https://via.placeholder.com/400/', 'https://via.placeholder.com/400/?text=ICON', '2022-02-24 04:30:23'),
(237, 14, 37.758680, -122.457490, 'Commodo voluptate nostrud et velit eiusmod labore ex. Laborum adipisicing elit nostrud ex anim fugiat magna eiusmod. Culpa veniam eu Lorem quis sint adipisicing voluptate excepteur.', 'https://via.placeholder.com/400/', 'https://via.placeholder.com/400/?text=ICON', '2022-01-26 04:41:44'),
(238, 42, 37.756922, -122.440696, 'Id aliquip culpa eu fugiat exercitation aliquip et cupidatat in amet. Adipisicing culpa magna nostrud velit magna ullamco. Amet ad officia sit irure eiusmod reprehenderit fugiat laboris consequat non eiusmod amet occaecat ullamco.', 'https://via.placeholder.com/400/', 'https://via.placeholder.com/400/?text=ICON', '2022-02-28 02:42:28'),
(239, 29, 37.792420, -122.405900, 'Veniam ut consequat cupidatat officia excepteur occaecat nisi. Tempor mollit officia magna ad cupidatat Lorem. Quis ullamco ipsum duis aute officia tempor.', 'https://via.placeholder.com/400/', 'https://via.placeholder.com/400/?text=ICON', '2022-03-31 11:28:07'),
(240, 10, 37.744657, -122.365945, 'Pariatur esse tempor id dolore do velit esse. Ipsum duis deserunt duis dolore enim do ea. Nostrud enim incididunt magna in in velit officia.', 'https://via.placeholder.com/400/', 'https://via.placeholder.com/400/?text=ICON', '2022-01-09 02:08:33'),
(241, 39, 37.754207, -122.395939, 'Commodo amet nisi irure dolore commodo sunt. Ad incididunt ut dolor eu qui. Aliquip dolor voluptate officia veniam adipisicing adipisicing sunt.', 'https://via.placeholder.com/400/', 'https://via.placeholder.com/400/?text=ICON', '2022-01-14 11:52:21'),
(242, 19, 37.792381, -122.497870, 'Minim minim aliquip in esse ea qui in dolor aute anim. Reprehenderit esse ut amet mollit minim incididunt adipisicing minim. Et nulla ut nulla aliquip nulla Lorem.', 'https://via.placeholder.com/400/', 'https://via.placeholder.com/400/?text=ICON', '2022-03-29 08:42:11'),
(243, 40, 37.786692, -122.396457, 'Laboris minim fugiat duis qui reprehenderit excepteur commodo ea enim velit. Occaecat minim ullamco ullamco occaecat. Velit cupidatat ut anim anim ea cupidatat do amet veniam.', 'https://via.placeholder.com/400/', 'https://via.placeholder.com/400/?text=ICON', '2022-02-12 11:19:22'),
(244, 29, 37.760176, -122.496977, 'Nulla non esse ipsum id esse laboris duis dolore enim eu. Est non commodo non in commodo dolore eu. Anim amet magna consequat ex mollit ullamco.', 'https://via.placeholder.com/400/', 'https://via.placeholder.com/400/?text=ICON', '2022-02-21 06:58:13'),
(245, 6, 37.779491, -122.381493, 'Pariatur aliqua nisi minim reprehenderit do ullamco ex magna deserunt ad proident sunt. Sit adipisicing duis anim commodo commodo enim irure elit fugiat fugiat elit duis id sunt. Ullamco aute quis nisi sit enim laborum mollit laborum adipisicing est incididunt.', 'https://via.placeholder.com/400/', 'https://via.placeholder.com/400/?text=ICON', '2022-02-07 06:07:19'),
(246, 3, 37.756407, -122.388942, 'Eu laboris proident enim labore sunt sit adipisicing sit fugiat ut fugiat culpa amet laborum. Sit culpa quis ipsum tempor est nulla aute excepteur adipisicing duis. Excepteur excepteur voluptate anim nulla aute dolor dolore velit est anim ea esse.', 'https://via.placeholder.com/400/', 'https://via.placeholder.com/400/?text=ICON', '2022-03-07 12:20:51'),
(247, 40, 37.774408, -122.380053, 'Eiusmod dolor aliqua mollit amet ad amet incididunt ad. Aliqua culpa fugiat consectetur reprehenderit magna tempor ullamco nostrud ullamco fugiat. Commodo eu consequat mollit adipisicing culpa dolor fugiat occaecat amet laborum sint irure Lorem ex.', 'https://via.placeholder.com/400/', 'https://via.placeholder.com/400/?text=ICON', '2022-03-20 04:12:47'),
(248, 32, 37.775712, -122.356438, 'Minim sint aute aute anim ut. In ad nulla id est aliqua ad ex consequat aliquip reprehenderit quis. Sit laborum magna sint aliqua.', 'https://via.placeholder.com/400/', 'https://via.placeholder.com/400/?text=ICON', '2022-01-07 04:28:20'),
(249, 26, 37.757035, -122.439446, 'Do irure incididunt amet aliqua dolor cillum quis tempor aliquip laborum est fugiat ea aute. Sit consectetur ipsum minim non. Consequat officia dolor ea et aliqua eiusmod deserunt pariatur labore do consectetur.', 'https://via.placeholder.com/400/', 'https://via.placeholder.com/400/?text=ICON', '2022-02-24 02:32:13'),
(250, 22, 37.730320, -122.425912, 'Occaecat magna dolor commodo adipisicing occaecat ad duis fugiat proident. Proident consectetur officia elit ex magna consectetur amet deserunt laborum non pariatur id id id. Minim mollit fugiat id ipsum esse.', 'https://via.placeholder.com/400/', 'https://via.placeholder.com/400/?text=ICON', '2022-01-08 06:18:37');

-- --------------------------------------------------------

--
-- Table structure for table `track_20224_users`
--

CREATE TABLE `track_20224_users` (
  `id` int(13) NOT NULL,
  `name` varchar(64) NOT NULL,
  `username` varchar(64) NOT NULL,
  `email` varchar(128) NOT NULL,
  `password` varchar(32) NOT NULL,
  `img` varchar(256) NOT NULL,
  `date_create` datetime NOT NULL
) ENGINE=MyISAM DEFAULT CHARSET=latin1;

--
-- Dumping data for table `track_20224_users`
--

INSERT INTO `track_20224_users` (`id`, `name`, `username`, `email`, `password`, `img`, `date_create`) VALUES
(1, 'Anita Vang', 'user1', 'user1@gmail.com', '1a1dc91c907325c69271ddf0c944bc72', 'https://via.placeholder.com/400/989/fff/?text=user1', '2022-03-02 11:44:17'),
(2, 'Meadows Head', 'user2', 'user2@gmail.com', '1a1dc91c907325c69271ddf0c944bc72', 'https://via.placeholder.com/400/779/fff/?text=user2', '2022-04-03 07:27:58'),
(3, 'Alice Liu', 'user0', 'user0@gmail.com', '1a1dc91c907325c69271ddf0c944bc72', 'uploads/1652685933.6862_userimage.png', '2022-01-13 07:37:42'),
(4, 'Peters Lancasters', 'user4', 'user4@gmail.com', '1a1dc91c907325c69271ddf0c944bc72', 'https://via.placeholder.com/400/870/fff/?text=user4', '2022-01-16 03:53:24'),
(5, 'Montoya Harris', 'user5', 'user5@gmail.com', '1a1dc91c907325c69271ddf0c944bc72', 'https://via.placeholder.com/400/853/fff/?text=user5', '2022-03-12 02:14:18'),
(6, 'Daniels Ashley', 'user6', 'user6@gmail.com', '1a1dc91c907325c69271ddf0c944bc72', 'https://via.placeholder.com/400/899/fff/?text=user6', '2022-01-25 12:00:21'),
(7, 'Madeline Gibbs', 'user7', 'user7@gmail.com', '1a1dc91c907325c69271ddf0c944bc72', 'https://via.placeholder.com/400/921/fff/?text=user7', '2022-03-27 01:43:38'),
(8, 'Winnie Reilly', 'user8', 'user8@gmail.com', '1a1dc91c907325c69271ddf0c944bc72', 'https://via.placeholder.com/400/911/fff/?text=user8', '2022-03-05 05:11:40'),
(9, 'Jenny Salas', 'user9', 'user9@gmail.com', '1a1dc91c907325c69271ddf0c944bc72', 'https://via.placeholder.com/400/775/fff/?text=user9', '2022-01-01 12:42:21'),
(10, 'Kirkland Diaz', 'user10', 'user10@gmail.com', '1a1dc91c907325c69271ddf0c944bc72', 'https://via.placeholder.com/400/942/fff/?text=user10', '2022-04-04 06:15:19'),
(11, '', 'user21', 'user21@gmail.com', '1a1dc91c907325c69271ddf0c944bc72', 'https://via.placeholder.com/400/?text=USER', '2022-05-24 18:32:48'),
(12, '', 'user22', 'user22@gmail.com', '1a1dc91c907325c69271ddf0c944bc72', 'https://via.placeholder.com/400/?text=USER', '2022-05-24 19:13:51');

--
-- Indexes for dumped tables
--

--
-- Indexes for table `track_20224_animals`
--
ALTER TABLE `track_20224_animals`
  ADD PRIMARY KEY (`id`);

--
-- Indexes for table `track_20224_locations`
--
ALTER TABLE `track_20224_locations`
  ADD PRIMARY KEY (`id`);

--
-- Indexes for table `track_20224_users`
--
ALTER TABLE `track_20224_users`
  ADD PRIMARY KEY (`id`);

--
-- AUTO_INCREMENT for dumped tables
--

--
-- AUTO_INCREMENT for table `track_20224_animals`
--
ALTER TABLE `track_20224_animals`
  MODIFY `id` int(13) NOT NULL AUTO_INCREMENT, AUTO_INCREMENT=62;

--
-- AUTO_INCREMENT for table `track_20224_users`
--
ALTER TABLE `track_20224_users`
  MODIFY `id` int(13) NOT NULL AUTO_INCREMENT, AUTO_INCREMENT=13;
COMMIT;

/*!40101 SET CHARACTER_SET_CLIENT=@OLD_CHARACTER_SET_CLIENT */;
/*!40101 SET CHARACTER_SET_RESULTS=@OLD_CHARACTER_SET_RESULTS */;
/*!40101 SET COLLATION_CONNECTION=@OLD_COLLATION_CONNECTION */;
